datetime,hour_x,DA_price_real,priceUsd,priceEur,hour_y,ID_price_real,hour,SMF_real,real_production,powerplantId,DA_price_forecasted,ID_price_forecasted,SMF_forecasted,forecasted_production_meteologica,q_committed,q_committed_horizon,d_da_prod,d_da_bat,d_id_prod,d_id_bat,x_id,x_ceza,is_charging,charge,soc,soc_post,d_da_prod_extra,d_da_bat_extra,d_id_prod_extra,d_id_bat_extra,d_da_prod_horizon,d_da_bat_horizon,charge_extra,x_id_adj,x_ceza_adj,d_id_prod_adj,d_id_bat_adj,charge_adj,d_id_prod_horizon,d_id_bat_horizon,x_id_horizon,x_ceza_horizon,charge_horizon
2025-07-01 00:00:00+03:00,00:00,3200.01,80.52,68.74,00:00,3254.18,2025-07-01T00:00:00+03:00,3390.0,57.27,2591,3400.0,3400.0,3400.0,59.450427765308824,0.0,,0.0,0.0,0.0,0.0,0.0,0.0,0.0,0.0,20.0,,,,,,,,,,,,,,,,,,
2025-07-01 01:00:00+03:00,01:00,3200.01,80.52,68.74,01:00,3205.13,2025-07-01T01:00:00+03:00,3390.0,57.27,2591,3400.0,3400.0,3400.0,60.2361572778233,0.0,,0.0,0.0,0.0,0.0,0.0,0.0,0.0,0.0,,,,,,,,,,,,,,,,,,,
2025-07-01 02:00:00+03:00,02:00,3190.0,80.27,68.52,02:00,3195.36,2025-07-01T02:00:00+03:00,3390.0,57.27,2591,3400.0,3400.0,3400.0,61.8,0.0,,0.0,0.0,0.0,0.0,0.0,0.0,0.0,0.0,,,,,,,,,,,,,,,,,,,
2025-07-01 03:00:00+03:00,03:00,3200.0,80.52,68.74,03:00,3149.87,2025-07-01T03:00:00+03:00,3250.0,57.1,2591,3392.774095189765,3400.0,3400.0,61.05319010921488,0.0,,0.0,0.0,0.0,0.0,0.0,0.0,0.0,0.0,,,,,,,,,,,,,,,,,,,
2025-07-01 04:00:00+03:00,04:00,3154.07,79.36,67.75,04:00,3310.45,2025-07-01T04:00:00+03:00,3154.07,57.2,2591,3231.1500931126116,3400.0,3312.2156674299467,60.16431735858321,0.0,,0.0,0.0,0.0,0.0,0.0,0.0,0.0,0.0,,,,,,,,,,,,,,,,,,,
2025-07-01 05:00:00+03:00,05:00,3054.71,76.86,65.62,05:00,3088.57,2025-07-01T05:00:00+03:00,3054.71,56.86,2591,3340.7030014557395,3400.0,3400.0,61.8,0.0,,0.0,0.0,0.0,0.0,0.0,0.0,0.0,0.0,,,,,,,,,,,,,,,,,,,
2025-07-01 06:00:00+03:00,06:00,2909.0,73.2,62.49,06:00,3082.05,2025-07-01T06:00:00+03:00,3118.88,54.32,2591,3184.0340438210715,3400.0,3400.0,59.791958532254206,0.0,,0.0,0.0,0.0,0.0,0.0,0.0,0.0,0.0,,,,,,,,,,,,,,,,,,,
2025-07-01 07:00:00+03:00,07:00,2527.0,63.58,54.28,07:00,2631.84,2025-07-01T07:00:00+03:00,3118.88,49.14,2591,2611.0324157171494,2857.32188208382,3400.0,52.655526705868205,0.0,,0.0,0.0,0.0,0.0,0.0,0.0,0.0,0.0,,,,,,,,,,,,,,,,,,,
2025-07-01 08:00:00+03:00,08:00,3284.7,82.65,70.56,08:00,3376.61,2025-07-01T08:00:00+03:00,3350.0,48.17,2591,3400.0,3400.0,3400.0,51.88326563148954,0.0,,0.0,0.0,0.0,0.0,0.0,0.0,0.0,0.0,,,,,,,,,,,,,,,,,,,
2025-07-01 09:00:00+03:00,09:00,3214.84,80.89,69.06,09:00,3360.95,2025-07-01T09:00:00+03:00,3348.0,58.79,2591,3231.1626867457817,3400.0,3392.9630261518437,61.8,0.0,,0.0,0.0,0.0,0.0,0.0,0.0,0.0,0.0,,,,,,,,,,,,,,,,,,,
2025-07-01 10:00:00+03:00,10:00,2984.99,75.11,64.12,10:00,3024.46,2025-07-01T10:00:00+03:00,3150.0,58.77,2591,2924.5734696235113,2932.989526061922,2955.325044910868,60.5275806956271,0.0,,0.0,0.0,0.0,0.0,0.0,0.0,0.0,0.0,,,,,,,,,,,,,,,,,,,
2025-07-01 11:00:00+03:00,11:00,3079.07,77.48,66.14,11:00,3128.92,2025-07-01T11:00:00+03:00,3118.88,58.75,2591,3078.9285065366403,3143.1187427161126,3116.4266793496827,60.669893691449964,0.0,,0.0,0.0,0.0,0.0,0.0,0.0,0.0,0.0,,,,,,,,,,,,,,,,,,,
2025-07-01 12:00:00+03:00,12:00,1400.0,35.23,30.07,12:00,1482.29,2025-07-01T12:00:00+03:00,2700.0,58.76,2591,1266.0317820921523,1203.0586022052235,1923.847203905206,57.019456994302935,0.0,0.0,0.0,0.0,0.0,0.0,0.0,0.0,0.0,0.0,,20.0,0.0,0.0,50.15965819803622,0.0,0.0,0.0,0.0,0.0,0.0,0.0,0.0,0.0,,,,,
2025-07-01 13:00:00+03:00,13:00,2327.99,58.58,50.01,13:00,2572.82,2025-07-01T13:00:00+03:00,3118.88,58.75,2591,1993.5489960655605,1813.9982988086178,1773.9688110944005,54.230622545740424,0.0,0.0,0.0,0.0,0.0,0.0,0.0,0.0,0.0,0.0,,20.0,0.0,0.0,20.396573633178033,0.0,0.0,0.0,20.2,0.0,0.0,0.0,0.0,0.0,,,,,
2025-07-01 14:00:00+03:00,14:00,2974.01,74.83,63.88,14:00,3017.48,2025-07-01T14:00:00+03:00,3290.58,58.77,2591,2634.048294547053,2269.331198486806,2161.6715920167553,53.93585228632188,0.0,0.0,0.0,0.0,0.0,0.0,0.0,0.0,0.0,0.0,,20.0,0.0,0.0,45.639130624831395,0.0,0.0,0.0,0.0,0.0,0.0,0.0,0.0,0.0,,,,,
2025-07-01 15:00:00+03:00,15:00,2874.0,72.32,61.74,15:00,2895.07,2025-07-01T15:00:00+03:00,3200.0,58.76,2591,2531.3384835068614,2135.279161027374,2055.141336559557,52.86625491503794,0.0,0.0,0.0,0.0,0.0,0.0,0.0,0.0,0.0,0.0,,20.0,0.0,0.0,46.821188232148835,0.0,0.0,0.0,0.0,0.0,0.0,0.0,0.0,0.0,,,,,
2025-07-01 16:00:00+03:00,16:00,3125.0,78.63,67.13,16:00,3115.22,2025-07-01T16:00:00+03:00,2627.0,58.76,2591,2950.5484862104836,2681.695975862161,2186.9147159982845,54.304271875681195,0.0,0.0,0.0,0.0,0.0,0.0,0.0,0.0,0.0,0.0,,20.0,0.0,0.0,52.028825206900805,0.0,0.0,0.0,0.0,0.0,0.0,0.0,0.0,0.0,,,,,
2025-07-01 17:00:00+03:00,17:00,2998.01,75.44,64.4,17:00,3146.07,2025-07-01T17:00:00+03:00,3100.0,58.76,2591,2761.4793195589605,2575.8180836559204,2366.174351801864,53.37196625400022,0.0,0.0,0.0,0.0,0.0,0.0,0.0,0.0,0.0,0.0,,20.0,0.0,0.0,50.8135695321375,0.0,0.0,0.0,0.0,0.0,0.0,0.0,0.0,0.0,,,,,
2025-07-01 18:00:00+03:00,18:00,3150.83,79.28,67.68,18:00,3258.17,2025-07-01T18:00:00+03:00,3189.0,58.75,2591,2779.181025819969,2414.1462990112072,2060.4883969622915,51.6817654549387,0.0,0.0,0.0,0.0,0.0,0.0,0.0,0.0,0.0,0.0,,20.0,0.0,0.0,22.620556886114752,0.0,0.0,0.0,20.2,0.0,0.0,0.0,0.0,0.0,,,,,
2025-07-01 19:00:00+03:00,19:00,3275.08,82.41,70.35,19:00,3349.13,2025-07-01T19:00:00+03:00,3400.0,58.27,2591,3283.303088593665,3276.0634433449923,3400.0,54.873187882745576,0.0,0.0,0.0,0.0,0.0,0.0,0.0,0.0,0.0,0.0,,20.0,0.0,0.0,55.83032735645562,0.0,0.0,0.0,0.0,0.0,0.0,0.0,0.0,0.0,,,,,
2025-07-01 20:00:00+03:00,20:00,3359.99,84.54,72.18,20:00,3349.98,2025-07-01T20:00:00+03:00,3400.0,57.3,2591,3327.121463055207,3226.8400754043832,3300.1979872390543,54.072663936222234,0.0,0.0,0.0,0.0,0.0,0.0,0.0,0.0,0.0,0.0,,20.0,0.0,0.0,58.18285125740285,0.0,0.0,0.0,0.0,0.0,0.0,0.0,0.0,0.0,,,,,
2025-07-01 21:00:00+03:00,21:00,3399.0,85.53,73.01,21:00,3368.33,2025-07-01T21:00:00+03:00,3400.0,57.22,2591,3390.526330962283,3310.596340896129,3374.5581767342737,54.59651325937917,0.0,0.0,0.0,0.0,0.0,0.0,0.0,0.0,0.0,0.0,,20.0,0.0,0.0,54.092680048249036,11.639999999999999,0.0,0.0,0.0,0.0,0.0,0.0,0.0,0.0,,,,,
2025-07-01 22:00:00+03:00,22:00,3068.0,77.2,65.9,22:00,3071.52,2025-07-01T22:00:00+03:00,3068.0,52.33,2591,2844.854534394129,2599.685654559741,2398.556382272935,48.05389596706005,0.0,0.0,0.0,0.0,0.0,0.0,0.0,0.0,0.0,0.0,,20.0,0.0,0.0,43.15388813193083,0.0,0.0,0.0,0.0,0.0,0.0,0.0,0.0,0.0,,,,,
2025-07-01 23:00:00+03:00,23:00,2972.08,74.78,63.84,23:00,3054.35,2025-07-01T23:00:00+03:00,2197.0,44.32,2591,2761.481211517718,2583.098568382229,1729.9648475499955,40.51785142526888,0.0,0.0,0.0,0.0,0.0,0.0,0.0,0.0,0.0,0.0,,20.0,0.0,0.0,24.53527483922486,0.0,0.0,0.0,10.571750934599905,0.0,0.0,0.0,0.0,0.0,,,,,
2025-07-02 00:00:00+03:00,00:00,2998.0,75.44,64.32,00:00,2710.74,2025-07-02T00:00:00+03:00,2263.0,20.49,2591,2887.1660230413595,2468.954621710261,2012.0134696192918,19.064047819599423,18.21392869070059,0.0,18.21392869070059,0.0,0.0,0.0,0.0,0.0,-0.0,0.0,20.0,20.0,0.0,0.0,0.3422139731674285,0.0,0.0,0.0,0.0,0.0,0.0,0.0,0.0,0.0,,,,,
2025-07-02 01:00:00+03:00,01:00,2917.87,73.42,62.61,01:00,2878.17,2025-07-02T01:00:00+03:00,2917.87,13.28,2591,2685.2245425920637,2380.0269012903145,2219.9321443831627,12.035882996609434,10.934871822371809,0.0,10.934871822371809,0.0,0.0,0.0,0.0,0.0,1.0,0.0,20.0,20.0,-10.934871822371889,0.0,0.0,0.0,0.0,0.0,11.075856869472302,10.934871822371889,0.0,0.0,0.0,0.0,,,,,
2025-07-02 02:00:00+03:00,02:00,2650.0,66.68,56.86,02:00,2568.09,2025-07-02T02:00:00+03:00,2650.0,11.3,2591,2573.00728087478,2375.6634985556934,2419.021034296719,10.527531521474728,10.189965263692267,0.0,10.189965263692267,0.0,0.0,0.0,0.0,0.0,-0.0,0.0,20.0,20.0,-0.14531833174665287,0.0,0.0,0.0,0.0,0.0,0.0,0.14531833174665287,0.0,0.0,0.0,0.0,,,,,
2025-07-02 03:00:00+03:00,03:00,2800.0,70.46,60.08,03:00,2548.12,2025-07-02T03:00:00+03:00,2197.0,9.0,2591,2667.1001048716053,2270.965454633032,1884.1627376277993,8.314873229764547,7.963663100189321,0.0,7.963663100189321,0.0,0.0,0.0,0.0,0.0,1.0,0.0,20.0,20.0,0.0,0.0,0.18187742655567174,0.0,0.0,0.0,0.0,0.0,0.0,0.0,0.0,0.0,,,,,
2025-07-02 04:00:00+03:00,04:00,2925.0,73.6,62.76,04:00,2617.07,2025-07-02T04:00:00+03:00,2266.0,19.67,2591,2799.040033396186,2355.7065284275423,1973.2558698111077,18.225096292141252,17.647652982427402,0.0,17.647652982427402,0.0,0.0,0.0,0.0,0.0,-0.0,0.0,20.0,20.0,-0.518788957951454,0.0,0.0,0.0,0.0,0.0,0.0,0.518788957951454,0.0,0.0,0.0,0.0,,,,,
2025-07-02 05:00:00+03:00,05:00,3083.03,77.58,66.15,05:00,2793.07,2025-07-02T05:00:00+03:00,3083.03,25.91,2591,2910.616873249319,2443.697891396605,2565.7904166184335,23.8245081523971,17.52571815621555,0.0,17.52571815621555,0.0,0.0,0.0,0.0,0.0,1.0,0.0,20.0,20.0,0.0,0.0,4.780522237735212,0.0,0.0,0.0,0.0,0.0,0.0,0.0,0.0,0.0,,,,,
2025-07-02 06:00:00+03:00,06:00,2893.93,72.82,62.09,06:00,2751.53,2025-07-02T06:00:00+03:00,3000.0,25.83,2591,3064.8453487698466,3037.4754579560795,3400.0,25.49813560407812,32.773770142658506,0.0,21.13377014265851,11.639999999999999,0.0,0.0,0.0,0.0,-0.0,0.0,20.0,20.0,4.647333733439283,-4.647333733439283,2.0716090427920397,0.0,0.0,0.0,0.0,0.0,0.0,0.0,0.0,0.0,,,,,
2025-07-02 07:00:00+03:00,07:00,1374.5,34.59,29.49,07:00,1290.38,2025-07-02T07:00:00+03:00,1374.5,25.73,2591,1422.279140480093,1375.802902660173,1517.8373888384062,25.438588837520587,11.739259789281935,0.0,11.739259789281935,0.0,0.0,0.0,0.0,0.0,1.0,15.94641228396804,8.0,8.0,-11.739259789282016,0.0,0.0,0.0,0.0,0.0,12.3040906597174,11.739259789282016,0.0,0.0,0.0,0.0,,,,,
2025-07-02 08:00:00+03:00,08:00,3200.0,80.52,68.66,08:00,3172.22,2025-07-02T08:00:00+03:00,3200.0,29.16,2591,3097.5075752825,2973.1910454742465,2892.5226803068717,27.953994810744064,22.405110088696905,0.0,22.405110088696905,0.0,0.0,0.0,0.0,0.0,-0.0,0.0,23.468019915449,23.468019915449,0.0,0.0,3.4114463762514156,0.0,0.0,0.0,0.0,0.0,0.0,0.0,0.0,0.0,,,,,
2025-07-02 09:00:00+03:00,09:00,2998.01,75.44,64.32,09:00,3037.08,2025-07-02T09:00:00+03:00,3100.0,43.19,2591,3063.6961471791033,3163.0359012741014,3303.762192056352,42.73744978604937,61.8,0.0,46.79602068201447,15.003979317985525,0.0,0.0,0.0,0.0,-0.0,0.0,23.468019915449,23.468019915449,-4.341690031004916,0.0,0.0,1.7230661342182427e-15,0.0,0.0,0.0,4.341690031004916,0.0,0.0,0.0,0.0,,,,,
2025-07-02 10:00:00+03:00,10:00,1899.99,47.81,40.77,10:00,1572.98,2025-07-02T10:00:00+03:00,2747.99,59.04,2591,1808.9876364215982,1423.3469563480844,2353.134878647213,56.351807507747885,59.08289919627904,0.0,59.08289919627904,0.0,0.0,0.0,0.0,0.0,1.0,0.0,8.0,8.0,-4.781978116039838,0.0,0.0,0.0,0.0,0.0,0.0,4.781978116039838,0.0,0.0,0.0,0.0,,,,,
2025-07-02 11:00:00+03:00,11:00,1899.98,47.81,40.77,11:00,1764.45,2025-07-02T11:00:00+03:00,1899.98,59.05,2591,1865.2207018922131,1692.2023664370374,1795.7020998361154,57.13465122055356,61.11386778458926,0.0,61.11386778458926,0.0,0.0,0.0,0.0,0.0,-0.0,0.0,8.0,8.0,-4.895400026888623,0.0,0.0,0.0,0.0,0.0,0.0,4.895400026888623,0.0,0.0,0.0,0.0,,,,,
2025-07-02 12:00:00+03:00,12:00,783.27,19.71,16.81,12:00,823.04,2025-07-02T12:00:00+03:00,783.27,58.97,2591,697.924711096965,639.8460421863261,527.2341318462355,53.87730677274585,20.567140532051894,0.0,20.567140532051894,0.0,7.105427357601002e-15,0.0,0.0,0.0,1.0,33.1958762886598,8.0,8.0,-6.0777856869150995,0.0,0.0,0.0,0.0,0.0,-0.9958762886593959,6.0777856869150995,0.0,0.0,0.0,0.0,,,,,
2025-07-02 13:00:00+03:00,13:00,1899.99,47.81,40.77,13:00,1882.31,2025-07-02T13:00:00+03:00,1000.0,58.77,2591,1649.5989671083441,1359.9746990771184,604.6436556099943,52.11416726094388,50.15358063290865,0.0,50.15358063290865,0.0,0.0,0.0,0.0,0.0,-0.0,0.0,40.2,40.2,-10.242207997209277,0.0,0.0,0.0,0.0,0.0,0.0,10.242207997209277,0.0,0.0,0.0,0.0,,,,,
2025-07-02 14:00:00+03:00,14:00,2030.01,51.08,43.56,14:00,2021.82,2025-07-02T14:00:00+03:00,2948.19,58.77,2591,1889.4760477855998,1696.9400123017303,2335.8962764662465,53.45962821676314,49.95338776608572,0.0,49.95338776608572,0.0,0.0,0.0,0.0,0.0,-0.0,0.0,40.2,40.2,-0.3451852479560529,0.0,0.0,0.0,0.0,0.0,0.0,0.3451852479560529,0.0,0.0,0.0,0.0,,,,,
2025-07-02 15:00:00+03:00,15:00,2395.01,60.27,51.39,15:00,2500.6,2025-07-02T15:00:00+03:00,2948.19,58.78,2591,2383.960393556056,2424.082072972241,2907.3847338512483,55.56762790376655,12.681736374455557,0.0,12.681736374455557,0.0,38.045209123366675,0.0,0.0,0.0,-0.0,0.0,40.2,40.2,0.0,0.0,8.504379480308444,0.0,0.0,0.0,0.0,0.0,0.0,0.0,0.0,0.0,,,,,
2025-07-02 16:00:00+03:00,16:00,2926.21,73.63,62.78,16:00,2937.63,2025-07-02T16:00:00+03:00,1426.21,58.75,2591,2943.1827700026183,2929.5425303050447,1451.0271532182323,56.32291390836258,13.083508398755459,0.0,13.083508398755459,0.0,39.25052519626638,0.0,0.0,0.0,-0.0,0.0,40.2,40.2,0.0,0.0,7.260352273922749,31.234,0.0,0.0,0.0,0.0,0.0,0.0,0.0,0.0,,,,,
2025-07-02 17:00:00+03:00,17:00,2622.23,65.98,56.26,17:00,2758.97,2025-07-02T17:00:00+03:00,2632.23,58.76,2591,2616.1929449535883,2722.1258405597514,2614.049766685462,56.49276087703286,14.56870757129142,0.0,14.56870757129142,0.0,43.70612271387426,0.0,0.0,0.0,-0.0,0.0,40.2,40.2,-14.568707571291512,0.0,12.920004954166366,0.0,0.0,0.0,0.0,0.0,14.568707571291512,0.0,0.0,0.0,,,,,
2025-07-02 18:00:00+03:00,18:00,2998.01,75.44,64.32,18:00,3021.64,2025-07-02T18:00:00+03:00,3118.88,58.66,2591,2948.733086510419,2904.428543332642,2965.089205226874,56.2062441645914,61.8,0.0,60.23049077054877,1.5695092294512278,0.0,0.0,0.0,0.0,-0.0,0.0,40.2,40.2,-60.23049077054884,-1.5695092294512278,0.0,0.0,0.0,0.0,54.59196660575047,7.208033394249597,0.0,0.0,0.0,54.59196660575047,,,,,
2025-07-02 19:00:00+03:00,19:00,3360.0,84.55,72.09,19:00,3351.21,2025-07-02T19:00:00+03:00,3400.0,58.27,2591,3078.472239496079,2771.2290273349245,2545.362155437552,53.61356993895119,55.67782659935873,0.0,55.67782659935873,0.0,0.0,0.0,0.0,0.0,1.0,0.0,38.581949247988426,38.581949247988426,-9.01330560487991,0.0,0.0,0.0,0.0,0.0,0.0,9.01330560487991,0.0,0.0,0.0,0.0,,,,,
2025-07-02 20:00:00+03:00,20:00,3399.0,85.53,72.93,20:00,3368.11,2025-07-02T20:00:00+03:00,3400.0,56.64,2591,3105.7851807203147,2746.7697885670327,2520.0967469812294,51.569592242305006,53.27351348837733,0.0,53.27351348837733,0.0,0.0,0.0,0.0,0.0,-0.0,0.0,38.581949247988426,38.581949247988426,-11.09928857321129,0.0,0.0,0.0,0.0,0.0,1.618050752011569,11.09928857321129,0.0,0.0,0.0,0.0,,,,,
2025-07-02 21:00:00+03:00,21:00,3399.0,85.53,72.93,21:00,3376.11,2025-07-02T21:00:00+03:00,3400.0,53.21,2591,3144.785549307573,2815.76286393092,2637.1322749992464,48.425831036327416,43.794190538809545,0.0,43.794190538809545,0.0,0.0,0.0,0.0,0.0,-0.0,0.0,38.581949247988426,38.581949247988426,0.0,0.0,0.6726207117297207,0.0,0.0,0.0,0.0,0.0,0.0,0.0,0.0,0.0,,,,,
2025-07-02 22:00:00+03:00,22:00,3275.07,82.41,70.27,22:00,3341.54,2025-07-02T22:00:00+03:00,3307.65,46.76,2591,3301.210099770478,3334.285505061089,3386.8504149214064,44.66932497681002,61.8,0.0,39.89076858671538,21.909231413284616,0.0,0.0,0.0,0.0,-0.0,0.0,38.581949247988426,38.581949247988426,0.0,-21.909231413284616,6.885043533138415,29.66449077054877,0.0,0.0,0.0,0.0,0.0,0.0,21.909231413284616,0.0,,,,,
2025-07-02 23:00:00+03:00,23:00,2994.01,75.34,64.24,23:00,3126.52,2025-07-02T23:00:00+03:00,3023.2,54.04,2591,3059.78791476589,3229.5409497180017,3222.457642993893,52.54333003359739,61.8,0.0,57.33262618663886,4.467373813361135,0.0,0.0,0.0,0.0,-0.0,0.0,15.995112739447581,15.995112739447581,-57.33262618663893,-4.467373813361135,0.0,0.0,0.0,0.0,57.21513897841308,4.584861021586988,0.0,0.0,0.0,57.21513897841308,,,,,
2025-07-03 00:00:00+03:00,00:00,2966.48,74.58,63.2,00:00,3037.69,2025-07-03T00:00:00+03:00,2966.48,56.06,2591,2744.0826830709007,2567.1941167649634,2299.2880492007926,51.775196258253324,49.6619492885483,0.0,49.6619492885483,0.0,0.0,0.0,0.0,0.0,1.0,0.0,8.0,8.0,-35.714976471132,0.0,0.0,0.0,0.0,0.0,32.2,35.714976471132,0.0,0.0,0.0,0.0,,,,,
2025-07-03 01:00:00+03:00,01:00,2931.1,73.7,62.45,01:00,3263.67,2025-07-03T01:00:00+03:00,3118.88,52.44,2591,2846.749201365052,3040.867237738161,2849.6158819004054,49.54294840146144,12.46663838780903,0.0,12.46663838780903,0.0,37.399915163427096,0.0,0.0,0.0,-0.0,0.0,8.0,8.0,0.0,0.0,-4.659744668439423,0.0,0.0,0.0,0.0,0.0,0.0,0.0,0.0,0.0,,,,,
2025-07-03 02:00:00+03:00,02:00,2900.01,72.91,61.78,02:00,3190.57,2025-07-03T02:00:00+03:00,3118.88,53.37,2591,2794.099219901902,2926.1287401323216,2777.167715728517,50.24727967230709,12.599397013871824,0.0,12.599397013871824,0.0,37.798191041615475,0.0,0.0,0.0,-0.0,0.0,8.0,8.0,0.0,0.0,-0.5298323332771702,0.0,0.0,0.0,0.0,0.0,0.0,0.0,0.0,0.0,,,,,
2025-07-03 03:00:00+03:00,03:00,3115.08,78.32,66.37,03:00,2912.7,2025-07-03T03:00:00+03:00,3144.27,48.23,2591,2941.3875014095534,2558.6159086733246,2618.3097236547887,44.85188287696407,39.419713218862775,0.0,39.419713218862775,0.0,0.0,0.0,0.0,0.0,-0.0,0.0,8.0,8.0,0.0,0.0,2.0893600399342063,0.0,0.0,0.0,0.0,0.0,0.0,0.0,0.0,0.0,,,,,
2025-07-03 04:00:00+03:00,04:00,2882.01,72.46,61.4,04:00,2947.43,2025-07-03T04:00:00+03:00,2948.19,50.79,2591,2873.7347539977745,2894.818362648695,2922.794185086684,48.69820059988976,38.8213908178042,0.0,38.8213908178042,0.0,0.0,0.0,0.0,0.0,-0.0,0.0,8.0,8.0,0.0,0.0,9.960534724147806,0.0,0.0,0.0,0.0,0.0,0.0,0.0,0.0,0.0,,,,,
2025-07-03 05:00:00+03:00,05:00,2510.1,63.11,53.48,05:00,2950.89,2025-07-03T05:00:00+03:00,3118.88,48.01,2591,2635.171176698221,3220.8889091564165,3400.0,47.81423989361735,10.129139860594755,0.0,10.129139860594755,0.0,30.387419581784265,0.0,0.0,0.0,-0.0,0.0,8.0,8.0,0.0,0.0,12.437686972827429,0.0,0.0,0.0,0.0,0.0,0.0,0.0,0.0,0.0,,,,,
2025-07-03 06:00:00+03:00,06:00,1899.99,47.77,40.48,06:00,2602.79,2025-07-03T06:00:00+03:00,3280.0,50.86,2591,2045.2638192781915,2999.979278633223,3400.0,52.1046734053095,13.091003584790494,0.0,13.091003584790494,0.0,39.273010754371484,0.0,0.0,0.0,-0.0,0.0,8.0,8.0,0.0,0.0,6.107108548714962,0.0,0.0,0.0,0.0,0.0,0.0,0.0,0.0,0.0,,,,,
2025-07-03 07:00:00+03:00,07:00,689.57,17.34,14.69,07:00,1098.24,2025-07-03T07:00:00+03:00,3160.0,45.5,2591,692.2698790909378,1115.0091670155664,3197.1171219482358,45.30094358120111,12.588637065862827,0.0,12.588637065862827,0.0,4.570034908928683,0.0,0.0,0.0,1.0,33.1958762886598,8.0,8.0,0.0,0.0,-4.153742523172049,0.0,0.0,0.0,-0.9958762886594172,0.0,0.0,0.0,0.0,0.0,,,,,
2025-07-03 08:00:00+03:00,08:00,2025.11,50.92,43.14,08:00,2655.63,2025-07-03T08:00:00+03:00,3325.11,51.32,2591,1998.5579041775866,2599.87158399846,3194.319120482024,50.653096206340685,11.567351146301354,0.0,11.567351146301354,0.0,34.70205343890406,0.0,0.0,0.0,-0.0,0.0,40.2,40.2,0.0,0.0,0.7334347758287691,0.0,0.0,0.0,0.0,0.0,0.0,0.0,0.0,0.0,,,,,
2025-07-03 09:00:00+03:00,09:00,1899.99,47.77,40.48,09:00,2402.42,2025-07-03T09:00:00+03:00,3350.0,58.75,2591,1916.5129044208459,2449.216127149543,3400.0,58.68491360229417,12.57623782460687,0.0,12.57623782460687,0.0,37.72871347382061,0.0,0.0,0.0,-0.0,0.0,40.2,40.2,0.0,0.0,8.633010969561298,31.234000000000037,0.0,0.0,0.0,0.0,0.0,0.0,0.0,0.0,,,,,
2025-07-03 10:00:00+03:00,10:00,1399.99,35.2,29.83,10:00,1560.3,2025-07-03T10:00:00+03:00,520.0,59.33,2591,1475.5825204020946,1732.269552217831,604.2322672499446,61.01050316190119,14.01315,0.0,14.01315,0.0,42.03945,0.0,0.0,0.0,-0.0,0.0,40.2,40.2,-14.013150000000081,0.0,19.76055000000008,0.0,0.0,0.0,0.0,0.0,14.013150000000081,0.0,0.0,0.0,,,,,
2025-07-03 11:00:00+03:00,11:00,1572.18,39.53,33.5,11:00,1945.23,2025-07-03T11:00:00+03:00,1847.88,60.0,2591,1585.4465484622342,1991.3762620635118,1894.658974873829,60.58204496377063,15.37937823159235,0.0,15.37937823159235,0.0,46.13813469477705,0.0,0.0,0.0,-0.0,0.0,40.2,40.2,-15.37937823159235,0.0,15.661865305222948,0.0,0.0,0.0,0.0,0.0,15.37937823159235,0.0,0.0,0.0,,,,,
2025-07-03 12:00:00+03:00,12:00,1050.0,26.4,22.37,12:00,1341.1,2025-07-03T12:00:00+03:00,650.0,60.0,2591,1045.569041528205,1336.8807772355522,641.7710771238034,60.160552061210154,15.45,0.0,15.45,0.0,46.35,0.0,0.0,0.0,-0.0,0.0,40.2,40.2,-15.45,0.0,11.336377490572623,0.0,0.0,0.0,0.0,0.0,15.45,0.0,0.0,0.0,,,,,
2025-07-03 13:00:00+03:00,13:00,1750.01,44.0,37.28,13:00,1929.07,2025-07-03T13:00:00+03:00,650.0,60.02,2591,1648.7741528154277,1711.7053697056665,537.1949863086943,58.16444798758406,15.45,0.0,15.45,0.0,46.35,0.0,0.0,0.0,-0.0,0.0,40.2,40.2,0.0,0.0,-8.849894674747986,0.0,0.0,0.0,0.0,0.0,0.0,0.0,0.0,0.0,,,,,
2025-07-03 14:00:00+03:00,14:00,1899.98,47.77,40.48,14:00,1829.1,2025-07-03T14:00:00+03:00,500.0,60.01,2591,1720.3947146379755,1476.3367391478903,358.22065072103936,56.27951278638835,59.20120276060872,0.0,59.20120276060872,0.0,0.0,0.0,0.0,0.0,1.0,0.0,40.2,40.2,-11.79218374222011,0.0,0.0,0.0,0.0,0.0,0.0,11.79218374222011,0.0,0.0,0.0,0.0,,,,,
2025-07-03 15:00:00+03:00,15:00,1899.98,47.77,40.48,15:00,1777.47,2025-07-03T15:00:00+03:00,650.0,60.02,2591,1869.4179693844117,1699.0702486513248,618.633375245845,58.31159146661077,48.78258982089349,0.0,48.78258982089349,0.0,0.0,0.0,0.0,0.0,-0.0,0.0,40.2,40.2,0.0,0.0,8.599746793944298,0.0,0.0,0.0,0.0,0.0,0.0,0.0,0.0,0.0,,,,,
2025-07-03 16:00:00+03:00,16:00,2783.63,69.99,59.31,16:00,2817.29,2025-07-03T16:00:00+03:00,3118.88,59.67,2591,2945.527959178252,3118.610801748763,3400.0,60.65412605806307,13.225795196775788,0.0,13.225795196775788,0.0,39.67738559032736,0.0,0.0,0.0,-0.0,0.0,40.2,40.2,0.0,0.0,8.896819212896844,31.234,0.0,0.0,0.0,0.0,0.0,0.0,0.0,0.0,,,,,
2025-07-03 17:00:00+03:00,17:00,3092.0,77.74,65.87,17:00,2950.34,2025-07-03T17:00:00+03:00,3121.19,58.72,2591,3188.7670257173236,3134.202747499907,3400.0,59.4163361739475,59.879452192058885,0.0,51.67029166873234,8.209160523326544,0.0,0.0,0.0,0.0,-0.0,0.0,40.2,40.2,1.9205478079411122,-8.209160523326544,8.209160523326545,1.7230661342182427e-15,0.0,0.0,0.0,0.0,0.0,6.288612715385431,0.0,0.0,,,,,
2025-07-03 18:00:00+03:00,18:00,2500.01,62.86,53.26,18:00,2679.31,2025-07-03T18:00:00+03:00,3098.0,58.75,2591,2672.396201706102,3056.719621273964,3400.0,61.11091487433481,14.01315,0.0,14.01315,0.0,42.03945,0.0,0.0,0.0,-0.0,0.0,31.736947914096348,31.736947914096348,0.0,0.0,5.747399999999999,0.0,0.0,0.0,0.0,0.0,0.0,0.0,0.0,0.0,,,,,
2025-07-03 19:00:00+03:00,19:00,3238.08,81.41,68.99,19:00,3305.37,2025-07-03T19:00:00+03:00,3400.0,58.06,2591,3400.0,3400.0,3400.0,60.673106308654305,61.8,0.0,59.389799999999994,2.4102000000000032,0.0,0.0,0.0,0.0,-0.0,0.0,31.736947914096348,31.736947914096348,0.0,-2.4102000000000032,2.4102000000000032,0.0,0.0,0.0,0.0,0.0,0.0,2.4102000000000032,0.0,0.0,,,,,
2025-07-03 20:00:00+03:00,20:00,3350.0,84.23,71.37,20:00,3363.46,2025-07-03T20:00:00+03:00,3400.0,57.31,2591,3361.4456326888685,3400.0,3400.0,58.39329400698615,61.8,0.0,59.71670111966804,2.0832988803319594,0.0,0.0,0.0,0.0,-0.0,0.0,29.252205646055106,29.252205646055106,-59.71670111966813,-2.0832988803319594,0.0,0.0,0.0,0.0,57.09234327035853,4.707656729641556,0.0,0.0,0.0,57.09234327035853,,,,,
2025-07-03 21:00:00+03:00,21:00,3390.06,85.23,72.22,21:00,3380.12,2025-07-03T21:00:00+03:00,3400.0,57.3,2591,3400.0,3400.0,3400.0,58.841878281783465,61.8,0.0,54.335184314934395,7.464815685065602,0.0,0.0,0.0,0.0,-0.0,0.0,27.10447484158917,27.10447484158917,0.0,-7.464815685065602,3.7266135848950483,18.531340596341494,0.0,0.0,0.0,0.0,0.0,0.0,7.464815685065602,0.0,,,,,
2025-07-03 22:00:00+03:00,22:00,3232.75,81.28,68.87,22:00,3332.12,2025-07-03T22:00:00+03:00,3360.0,57.29,2591,3400.0,3400.0,3400.0,61.24379126090144,61.8,0.0,53.456999999999994,8.343000000000004,0.0,0.0,0.0,0.0,-0.0,0.0,19.40878856832566,19.40878856832566,0.0,-8.343000000000004,8.343000000000004,0.0,0.0,0.0,0.0,0.0,0.0,8.343000000000004,0.0,0.0,,,,,
2025-07-03 23:00:00+03:00,23:00,2994.01,75.28,63.79,23:00,3145.08,2025-07-03T23:00:00+03:00,3160.0,57.3,2591,3148.479667512698,3400.0,3400.0,60.5997242264503,53.456999999999994,0.0,53.456999999999994,0.0,0.0,0.0,0.0,0.0,-0.0,0.0,10.807757640490603,10.807757640490603,0.0,0.0,8.343000000000004,0.0,0.0,0.0,0.0,0.0,0.0,0.0,0.0,0.0,,,,,
2025-07-04 00:00:00+03:00,00:00,3098.38,77.99,66.26,00:00,3042.78,2025-07-04T00:00:00+03:00,3129.26,57.27,2591,3400.0,3400.0,3400.0,61.8,61.8,0.0,61.8,0.0,0.0,0.0,0.0,0.0,-0.0,0.0,40.2,40.2,0.0,0.0,0.0,31.234,0.0,0.0,0.0,0.0,0.0,0.0,0.0,0.0,,,,,
2025-07-04 01:00:00+03:00,01:00,2988.0,75.21,63.9,01:00,3176.1,2025-07-04T01:00:00+03:00,3118.88,57.27,2591,2792.362192655799,2823.7136536050866,2506.258670110761,57.436800621457856,14.355159595137193,0.0,14.355159595137193,0.0,43.06547878541158,0.0,0.0,0.0,0.0,0.0,40.2,40.2,0.0,0.0,-4.9357111114402485,0.0,0.0,0.0,0.0,0.0,0.0,0.0,0.0,0.0,,,,,
2025-07-04 02:00:00+03:00,02:00,2888.39,72.7,61.77,02:00,2868.52,2025-07-04T02:00:00+03:00,3049.0,57.25,2591,2893.619213317984,2897.41503001887,3065.5599570070517,58.8033485664852,61.8,0.0,59.321057257608864,2.4789427423911334,0.0,0.0,0.0,0.0,-0.0,0.0,40.2,40.2,-59.32105725760897,-2.4789427423911334,0.0,0.0,0.0,0.0,53.10466832619441,8.695331673805697,0.0,0.0,0.0,53.10466832619441,,,,,
2025-07-04 03:00:00+03:00,03:00,2749.01,69.19,58.79,03:00,2706.02,2025-07-04T03:00:00+03:00,2948.19,57.28,2591,2763.9607888260393,2747.292903884614,2996.2921525302277,58.750619848087226,15.45,0.0,15.45,0.0,46.35,0.0,0.0,0.0,-0.0,0.0,37.64438892536997,37.64438892536997,0.0,0.0,0.0,0.0,0.0,0.0,0.0,0.0,0.0,0.0,0.0,0.0,,,,,
2025-07-04 04:00:00+03:00,04:00,2898.0,72.94,61.98,04:00,3051.43,2025-07-04T04:00:00+03:00,2898.0,57.3,2591,2864.13048717075,2990.441770226788,2796.3914615122485,58.03646969731956,15.45,0.0,15.45,0.0,46.35,0.0,0.0,0.0,-0.0,0.0,37.64438892536997,37.64438892536997,0.0,0.0,-4.641089061577908,0.0,0.0,0.0,0.0,0.0,0.0,0.0,0.0,0.0,,,,,
2025-07-04 05:00:00+03:00,05:00,3360.0,84.57,71.86,05:00,3329.86,2025-07-04T05:00:00+03:00,3389.19,57.49,2591,3351.8544102289206,3317.155508930254,3364.540936253353,58.27633479321167,61.8,0.0,61.8,0.0,0.0,0.0,0.0,0.0,1.0,0.0,37.64438892536997,37.64438892536997,-28.755057257608875,28.755057257608875,24.570170770153467,0.0,0.0,0.0,0.0,0.0,0.0,0.0,0.0,0.0,,,,,
2025-07-04 06:00:00+03:00,06:00,2988.0,75.21,63.9,06:00,3077.64,2025-07-04T06:00:00+03:00,3118.88,58.61,2591,2686.710950187915,2458.30541685156,2175.4217754237798,55.796663385347586,59.1417185885446,0.0,59.1417185885446,0.0,0.0,0.0,0.0,0.0,1.0,0.0,37.64438892536997,37.64438892536997,-11.00957397971478,0.0,0.0,0.0,0.0,0.0,0.0,11.00957397971478,0.0,0.0,0.0,0.0,,,,,
2025-07-04 07:00:00+03:00,07:00,1899.99,47.82,40.63,07:00,1897.93,2025-07-04T07:00:00+03:00,2900.0,58.79,2591,1764.1722480109659,1607.9810661740803,2278.0943887575218,56.003884421175236,59.36941439231247,0.0,59.36941439231247,0.0,0.0,0.0,0.0,0.0,1.0,0.0,37.64438892536997,37.64438892536997,-13.758849106069775,0.0,0.0,0.0,0.0,0.0,2.555611074630029,13.758849106069775,0.0,0.0,0.0,0.0,,,,,
2025-07-04 08:00:00+03:00,08:00,3231.64,81.34,69.11,08:00,3292.53,2025-07-04T08:00:00+03:00,3260.83,59.35,2591,3150.737787701346,3083.158065871087,3015.9310995069195,57.595082586191694,61.8,0.0,47.977831179976555,13.822168820023442,0.0,0.0,0.0,0.0,-0.0,0.0,37.64438892536997,37.64438892536997,0.0,-13.822168820023442,10.294233918194024,1.7230661342182427e-15,0.0,0.0,0.0,3.5279349018294184,0.0,10.294233918194024,0.0,0.0,,,,,
2025-07-04 09:00:00+03:00,09:00,3198.0,80.49,68.39,09:00,3279.26,2025-07-04T09:00:00+03:00,3227.19,60.27,2591,3386.2792249786557,3400.0,3400.0,61.427377498612344,61.8,0.0,59.389799999999994,2.4102000000000032,0.0,0.0,0.0,0.0,-0.0,0.0,23.394730348026208,23.394730348026208,-12.522688437585415,-2.4102000000000032,14.932888437585419,14.93288843758542,0.0,0.0,0.0,0.0,0.0,0.0,14.932888437585419,0.0,,,,,
2025-07-04 10:00:00+03:00,10:00,2500.0,62.93,53.46,10:00,2625.54,2025-07-04T10:00:00+03:00,2948.19,60.3,2591,2523.5273038502482,2671.1438505070214,3031.425554325916,60.34670973083196,15.45,0.0,15.45,0.0,46.35,0.0,0.0,0.0,-0.0,0.0,20.909988079984966,20.909988079984966,0.0,0.0,0.0,12.522688437585662,0.0,0.0,0.0,0.0,0.0,0.0,0.0,0.0,,,,,
2025-07-04 11:00:00+03:00,11:00,2598.0,65.39,55.56,11:00,2692.91,2025-07-04T11:00:00+03:00,3118.88,60.25,2591,2507.6464254808816,2505.5930633216244,2793.4735837226467,58.828318162525655,61.8,0.0,61.8,0.0,0.0,0.0,0.0,0.0,1.0,0.0,20.909988079984966,8.0,-3.555299090456735,0.0,0.0,0.0,0.0,0.0,0.0,3.555299090456735,0.0,0.0,0.0,0.0,,,,,
2025-07-04 12:00:00+03:00,12:00,1400.0,35.24,29.94,12:00,1321.03,2025-07-04T12:00:00+03:00,1400.0,60.28,2591,1335.6633800837785,1195.0179392454868,1206.9901402513358,58.163591292862876,30.79600588522566,0.0,30.79600588522566,0.0,0.0,0.0,0.0,0.0,1.0,19.886610226819627,20.909988079984966,20.909988079984966,0.0,0.0,3.104676426199248,0.0,0.0,0.0,-0.5965983068040686,0.0,0.0,0.0,0.0,0.0,,,,,
2025-07-04 13:00:00+03:00,13:00,1559.99,39.27,33.36,13:00,1517.94,2025-07-04T13:00:00+03:00,520.0,60.21,2591,1588.377557321229,1562.7756963894205,548.3877392939166,60.066632467331715,51.74020281191637,0.0,51.74020281191637,0.0,0.0,0.0,0.0,0.0,-0.0,0.0,40.2,40.2,0.0,0.0,10.059797188083628,0.0,0.0,0.0,0.0,0.0,0.0,0.0,0.0,0.0,,,,,
2025-07-04 14:00:00+03:00,14:00,2909.62,73.24,62.22,14:00,3036.9,2025-07-04T14:00:00+03:00,3298.0,60.02,2591,2989.2153224937715,3195.0444129619686,3400.0,60.49047139696307,61.8,0.0,61.8,0.0,0.0,0.0,0.0,0.0,1.0,0.0,40.2,40.2,0.0,0.0,0.0,0.0,0.0,0.0,0.0,0.0,0.0,0.0,0.0,0.0,,,,,
2025-07-04 15:00:00+03:00,15:00,2872.0,72.29,61.42,15:00,2935.08,2025-07-04T15:00:00+03:00,3118.88,60.0,2591,2843.066150482438,2878.938577766756,3024.6169032903904,59.44619906482741,12.731396377224986,0.0,12.731396377224986,0.0,38.19418913167496,0.0,0.0,0.0,-0.0,0.0,40.2,40.2,0.0,0.0,7.515616179420597,0.0,0.0,0.0,0.0,0.0,0.0,0.0,0.0,0.0,,,,,
2025-07-04 16:00:00+03:00,16:00,2625.0,66.07,56.14,16:00,2722.02,2025-07-04T16:00:00+03:00,3000.0,59.64,2591,2676.4990758781055,2827.889477787353,3176.5682601535054,60.0904316811991,14.151068711177516,0.0,14.151068711177516,0.0,42.45320613353255,0.0,0.0,0.0,-0.0,0.0,40.2,40.2,0.0,0.0,3.704407817371994,0.0,0.0,0.0,0.0,0.0,0.0,0.0,0.0,0.0,,,,,
2025-07-04 17:00:00+03:00,17:00,2749.0,69.19,58.79,17:00,2904.35,2025-07-04T17:00:00+03:00,2948.19,58.78,2591,2794.7023856353535,3005.9693481275585,3095.2318148122527,59.32853259491588,12.918301230596613,0.0,12.918301230596613,0.0,38.75490369178984,0.0,0.0,0.0,-0.0,0.0,40.2,40.2,-12.918301230596697,0.0,22.759849272490484,0.0,0.0,0.0,0.0,0.0,12.918301230596697,0.0,0.0,0.0,,,,,
2025-07-04 18:00:00+03:00,18:00,2878.01,72.44,61.55,18:00,3005.21,2025-07-04T18:00:00+03:00,2948.19,58.77,2591,3046.106811930328,3364.6545597989925,3400.0,60.943991366829046,61.8,0.0,60.873,0.9269999999999996,0.0,0.0,0.0,0.0,-0.0,0.0,40.2,40.2,0.0,-0.9269999999999996,0.9269999999999996,31.233999999999998,0.0,0.0,0.0,0.0,0.0,0.0,0.9269999999999996,0.0,,,,,
2025-07-04 19:00:00+03:00,19:00,3238.39,81.51,69.25,19:00,3331.24,2025-07-04T19:00:00+03:00,3290.58,58.31,2591,3238.201296275242,3356.3553133848136,3290.0047653593783,58.91532750211859,61.8,0.0,61.39469695341864,0.4053030465813592,0.0,0.0,0.0,0.0,-0.0,0.0,39.24432989690722,39.24432989690722,-1.9245796680398755,-0.4053030465813592,0.0,30.307,0.0,0.0,0.0,0.0,0.0,0.0,2.3298827146212346,0.0,,,,,
2025-07-04 20:00:00+03:00,20:00,3313.92,83.41,70.87,20:00,3327.75,2025-07-04T20:00:00+03:00,3400.0,57.34,2591,3259.5118300042855,3235.02007989887,3232.535687658034,57.28232465663943,61.8,0.0,61.8,0.0,0.0,0.0,0.0,0.0,1.0,0.0,38.8264917045553,38.8264917045553,-8.20066188759857,0.0,0.0,0.0,0.0,0.0,0.0,8.20066188759857,0.0,0.0,0.0,0.0,,,,,
2025-07-04 21:00:00+03:00,21:00,3400.0,85.58,72.71,21:00,3369.56,2025-07-04T21:00:00+03:00,3400.0,57.3,2591,3299.8487514991402,3176.4050662231793,3099.54625449742,56.576976241752625,61.8,0.0,61.8,0.0,0.0,0.0,0.0,0.0,1.0,0.0,38.8264917045553,38.8264917045553,-7.8801189624174555,0.0,0.0,0.0,0.0,0.0,0.0,7.8801189624174555,0.0,0.0,0.0,0.0,,,,,
2025-07-04 22:00:00+03:00,22:00,3155.0,79.41,67.47,22:00,3146.82,2025-07-04T22:00:00+03:00,3185.88,57.3,2591,2868.3698365168266,2569.026834119749,2317.57321213524,54.16964760965062,59.13221572288851,0.0,59.13221572288851,0.0,0.0,6.892264536872971e-15,0.0,0.0,-0.0,0.0,38.8264917045553,38.8264917045553,-13.420773829668356,0.0,0.0,0.0,0.0,0.0,1.3735082954447009,13.420773829668356,0.0,0.0,0.0,0.0,,,,,
2025-07-04 23:00:00+03:00,23:00,3078.0,77.47,65.82,23:00,3025.13,2025-07-04T23:00:00+03:00,3107.19,57.3,2591,2955.792059318297,2753.6680905347494,2737.0893263091803,55.14823122447703,55.67415870036495,0.0,55.67415870036495,0.0,0.0,0.0,0.0,0.0,1.0,0.0,38.826491704555295,38.826491704555295,-4.352568283648353,0.0,0.0,0.0,0.0,0.0,0.0,4.352568283648353,0.0,0.0,0.0,0.0,,,,,
2025-07-05 00:00:00+03:00,00:00,3092.0,77.93,66.07,00:00,3216.53,2025-07-05T00:00:00+03:00,3121.19,57.27,2591,3220.1374500368033,3280.8233850249367,3020.349528684094,56.937017678013845,13.740400169351311,0.0,13.740400169351311,0.0,41.221200508054,0.0,0.0,0.0,-0.0,0.0,20.909988079984966,20.909988079984966,0.0,0.0,2.9626630825107014,12.522688437585415,0.0,0.0,0.0,0.0,0.0,0.0,0.0,0.0,,,,,
2025-07-05 01:00:00+03:00,01:00,3038.38,76.58,64.92,01:00,3112.61,2025-07-05T01:00:00+03:00,3118.88,57.29,2591,3117.7486307926256,3157.7590631902185,3060.7728645751145,57.03573395845034,60.80468614825304,0.0,60.80468614825304,0.0,0.0,0.0,0.0,0.0,-0.0,0.0,20.909988079984966,20.909988079984966,-12.522688437585423,0.0,8.753736247782726,12.522688437585415,0.0,0.0,0.0,0.0,0.0,0.0,12.522688437585423,0.0,,,,,
2025-07-05 02:00:00+03:00,02:00,2990.98,75.38,63.91,02:00,2907.15,2025-07-05T02:00:00+03:00,3236.0,57.05,2591,2868.2939573109493,2735.6489058217935,3089.7535225648944,55.535493988692345,59.97048069155094,0.0,59.97048069155094,0.0,0.0,0.0,0.0,0.0,-0.0,0.0,20.909988079984966,8.0,-4.434986702858595,0.0,0.0,0.0,0.0,0.0,0.0,4.434986702858595,0.0,0.0,0.0,0.0,,,,,
2025-07-05 03:00:00+03:00,03:00,3043.17,76.7,65.02,03:00,2934.63,2025-07-05T03:00:00+03:00,3290.58,55.75,2591,1945.3106425255423,1627.9435940975638,2537.673945115628,46.946530201950544,52.55460145139687,0.0,52.55460145139687,0.0,0.0,0.0,0.0,0.0,-0.0,0.0,20.909988079984966,8.0,-5.608071249446326,0.0,0.0,0.0,0.0,0.0,0.0,5.608071249446326,0.0,0.0,0.0,0.0,,,,,
2025-07-05 04:00:00+03:00,04:00,2700.0,68.05,57.69,04:00,2785.62,2025-07-05T04:00:00+03:00,3236.0,57.1,2591,1850.5593995593636,1647.4024853333094,2601.1801649287195,47.174074361369264,53.42312612500034,0.0,53.42312612500034,0.0,0.0,0.0,0.0,0.0,-0.0,0.0,20.909988079984966,8.0,-6.249051763631073,0.0,0.0,0.0,0.0,0.0,0.0,6.249051763631073,0.0,0.0,0.0,0.0,,,,,
2025-07-05 05:00:00+03:00,05:00,3072.55,77.44,65.65,05:00,3088.86,2025-07-05T05:00:00+03:00,3072.55,57.44,2591,2251.2471803043277,1972.9551301582958,2566.1083769390466,47.12771324011977,53.800832482564964,0.0,53.800832482564964,0.0,0.0,0.0,0.0,0.0,-0.0,0.0,20.909988079984966,8.0,-6.673119242445196,0.0,0.0,0.0,0.0,0.0,0.0,6.673119242445196,0.0,0.0,0.0,0.0,,,,,
2025-07-05 06:00:00+03:00,06:00,2985.01,75.23,63.78,06:00,2952.97,2025-07-05T06:00:00+03:00,1736.0,58.57,2591,1967.4368717629177,1608.039360358426,1376.2936741733292,45.344335398009676,52.79140384186007,0.0,52.79140384186007,0.0,0.0,0.0,0.0,0.0,-0.0,0.0,20.909988079984966,8.0,-7.447068443850391,0.0,0.0,0.0,0.0,0.0,0.0,7.447068443850391,0.0,0.0,0.0,0.0,,,,,
2025-07-05 07:00:00+03:00,07:00,1999.99,50.41,42.73,07:00,2220.86,2025-07-05T07:00:00+03:00,1999.99,58.74,2591,1519.6846248991399,1466.3802316622705,1708.605817650065,46.614876300765616,48.425432405934984,0.0,48.425432405934984,0.0,0.0,0.0,0.0,0.0,1.0,5.783084217847428,20.909988079984966,8.0,-34.01055610516961,0.0,0.0,0.0,0.0,0.0,26.416915782152813,34.01055610516961,0.0,0.0,0.0,0.0,,,,,
2025-07-05 08:00:00+03:00,08:00,3092.01,77.93,66.07,08:00,2929.88,2025-07-05T08:00:00+03:00,600.0,59.16,2591,2917.1630782511206,2598.5873343448047,579.0665517614704,50.89144180479541,44.63547596432868,0.0,44.63547596432868,0.0,0.0,0.0,0.0,0.0,-0.0,0.0,26.51957977129697,39.233999999999995,0.0,0.0,6.255965840466736,0.0,0.0,0.0,0.0,0.0,0.0,0.0,0.0,0.0,,,,,
2025-07-05 09:00:00+03:00,09:00,3137.21,79.07,67.03,09:00,2904.4,2025-07-05T09:00:00+03:00,520.0,59.75,2591,3400.0,3400.0,634.1687321662228,61.8,61.8,0.0,52.54979380880732,9.250206191192675,0.0,0.0,0.0,0.0,-0.0,0.0,26.51957977129697,39.233999999999995,0.0,-9.250206191192675,9.250206191192675,0.0,0.0,0.0,0.0,0.0,0.0,9.250206191192675,0.0,0.0,,,,,
2025-07-05 10:00:00+03:00,10:00,2888.89,72.81,61.73,10:00,2675.64,2025-07-05T10:00:00+03:00,520.0,59.84,2591,3400.0,3400.0,599.8487971338031,61.8,61.8,0.0,53.08621381303461,8.713786186965386,0.0,0.0,0.0,0.0,-0.0,0.0,16.983284728830295,39.233999999999995,0.0,-8.713786186965386,8.713786186965379,30.29697999999999,0.0,0.0,0.0,0.0,0.0,8.713786186965386,0.0,0.0,,,,,
2025-07-05 11:00:00+03:00,11:00,1899.91,47.88,40.6,11:00,1583.26,2025-07-05T11:00:00+03:00,520.0,60.01,2591,2292.211565498439,2015.3509087319392,584.315238169322,61.8,53.456999999999994,0.0,53.456999999999994,0.0,0.0,0.0,0.0,0.0,-0.0,0.0,8.0,8.0,0.0,0.0,8.343000000000004,0.0,0.0,0.0,0.0,0.0,0.0,0.0,0.0,0.0,,,,,
2025-07-05 12:00:00+03:00,12:00,1500.01,37.81,32.05,12:00,975.19,2025-07-05T12:00:00+03:00,520.0,60.03,2591,1663.5131753766855,1130.0320588197176,553.9437177577844,61.8,61.8,0.0,61.8,0.0,0.0,0.0,0.0,0.0,1.0,0.0,8.0,8.0,0.0,0.0,0.0,0.0,0.0,0.0,0.0,0.0,0.0,0.0,0.0,0.0,,,,,
2025-07-05 13:00:00+03:00,13:00,1897.99,47.84,40.55,13:00,1515.14,2025-07-05T13:00:00+03:00,1568.99,59.89,2591,1308.9326158261872,956.8260661547679,1276.7031829910534,53.15728919632735,61.34685298308375,0.0,61.34685298308375,0.0,0.0,0.0,0.0,0.0,1.0,0.0,8.0,8.0,-40.38956378675644,0.0,3.552713678800501e-14,0.0,0.0,0.0,32.2,40.38956378675644,0.0,0.0,0.0,0.0,,,,,
2025-07-05 14:00:00+03:00,14:00,1684.99,42.47,36.0,14:00,1367.1,2025-07-05T14:00:00+03:00,1355.99,60.14,2591,1362.6565632758382,1030.8945409830246,1200.2912016609089,54.266407839258015,28.604123711340193,0.0,28.604123711340193,0.0,0.0,0.0,0.0,0.0,1.0,33.195876288659804,8.0,39.23400000000004,0.0,0.0,24.696284127917856,0.0,0.0,0.0,-32.22987628865984,0.0,0.0,0.0,0.0,0.0,,,,,
2025-07-05 15:00:00+03:00,15:00,1898.0,47.84,40.56,15:00,1555.75,2025-07-05T15:00:00+03:00,650.0,60.01,2591,1701.5854667751858,1329.314886428868,609.6233760179948,55.310614844841204,48.54269733234242,0.0,48.54269733234242,0.0,0.0,0.0,0.0,0.0,-0.0,0.0,40.2,40.17102000000001,0.0,0.0,6.738937512498794,0.0,0.0,0.0,0.028979999999990014,0.0,0.0,0.0,0.0,0.0,,,,,
2025-07-05 16:00:00+03:00,16:00,2807.3,70.75,59.98,16:00,2631.14,2025-07-05T16:00:00+03:00,650.0,59.52,2591,3400.0,3400.0,801.8958366534948,61.8,53.456999999999994,0.0,53.456999999999994,0.0,0.0,0.0,0.0,0.0,-0.0,0.0,40.2,40.199130600000004,0.0,0.0,8.343000000000004,20.934399455236914,0.0,0.0,0.0,0.0,0.0,0.0,0.0,0.0,,,,,
2025-07-05 17:00:00+03:00,17:00,2599.99,65.53,55.55,17:00,2752.6,2025-07-05T17:00:00+03:00,2599.99,58.77,2591,3118.005140779677,3400.0,2910.7739229846857,61.8,13.364249999999998,0.0,13.364249999999998,0.0,40.092749999999995,0.0,0.0,0.0,-0.0,0.0,40.2,18.617275491508337,-13.364249999999998,0.0,21.707250000000002,0.0,0.0,0.0,0.0,0.0,13.364249999999998,0.0,0.0,0.0,,,,,
2025-07-05 18:00:00+03:00,18:00,3092.01,77.93,66.07,18:00,3093.54,2025-07-05T18:00:00+03:00,2763.01,58.76,2591,3400.0,3400.0,3048.6558137875368,61.8,61.8,0.0,59.389799999999994,2.4102000000000032,0.0,0.0,0.0,0.0,-0.0,0.0,40.2,18.617275491508337,0.0,-2.4102000000000032,2.4102000000000032,8.615330671091214e-16,0.0,0.0,0.0,0.0,0.0,2.4102000000000032,0.0,0.0,,,,,
2025-07-05 19:00:00+03:00,19:00,3359.99,84.68,71.79,19:00,3363.04,2025-07-05T19:00:00+03:00,3400.0,58.33,2591,3400.0,3400.0,3400.0,61.8,61.8,0.0,61.8,0.0,0.0,0.0,0.0,0.0,1.0,0.0,37.715257731958765,18.617275491508337,0.0,0.0,0.0,0.0,0.0,0.0,0.0,0.0,0.0,0.0,0.0,0.0,,,,,
2025-07-05 20:00:00+03:00,20:00,3363.13,84.76,71.86,20:00,3351.15,2025-07-05T20:00:00+03:00,3400.0,57.32,2591,2904.7189782049586,2828.6165195832054,3121.9309432500854,56.523386654517815,55.796891251703116,0.0,55.796891251703116,0.0,0.0,0.0,0.0,0.0,1.0,0.0,37.715257731958765,18.617275491508337,0.0,0.0,0.7264954028146988,0.0,0.0,0.0,0.0,0.0,0.0,0.0,0.0,0.0,,,,,
2025-07-05 21:00:00+03:00,21:00,3359.99,84.68,71.79,21:00,3351.0,2025-07-05T21:00:00+03:00,3400.0,57.3,2591,3400.0,3400.0,3400.0,61.166049883379145,51.84271661620544,0.0,51.84271661620544,0.0,0.0,0.0,0.0,0.0,-0.0,0.0,37.715257731958765,18.617275491508337,0.0,0.0,9.323333267173702,0.0,0.0,0.0,0.0,0.0,0.0,0.0,0.0,0.0,,,,,
2025-07-05 22:00:00+03:00,22:00,3098.38,78.09,66.2,22:00,3140.34,2025-07-05T22:00:00+03:00,2500.38,57.26,2591,3400.0,3400.0,2772.5367784072578,61.8,53.23408277839123,0.0,53.23408277839123,0.0,0.0,0.0,0.0,0.0,-0.0,0.0,37.715257731958765,18.617275491508337,0.0,0.0,8.565917221608764,0.0,0.0,0.0,0.0,0.0,0.0,0.0,0.0,0.0,,,,,
2025-07-05 23:00:00+03:00,23:00,3090.0,77.88,66.03,23:00,3069.14,2025-07-05T23:00:00+03:00,2255.0,44.99,2591,3400.0,3400.0,2567.268239860581,51.50124277323692,61.8,0.0,48.746186845700805,13.053813154299192,0.0,0.0,0.0,0.0,-0.0,0.0,37.715257731958765,18.617275491508337,0.0,-13.053813154299192,2.7550559275361053,10.298757226763087,0.0,0.0,0.0,0.0,0.0,2.7550559275361053,10.298757226763087,0.0,,,,,
2025-07-06 00:00:00+03:00,00:00,3180.72,80.16,68.08,00:00,2919.33,2025-07-06T00:00:00+03:00,2197.0,41.14,2591,3187.305644005124,3001.490387075669,2199.728722680606,43.76914607219944,37.167806225943735,61.8,37.167806225943735,0.0,0.0,0.0,0.0,0.0,-0.0,0.0,24.257718397629702,8.0,61.8,0.0,61.8,61.8,61.8,0.0,61.8,61.8,61.8,0.0,0.0,0.0,0.0,0.0,18.030853927800557,0.0,0.0
2025-07-06 01:00:00+03:00,01:00,3100.0,78.13,66.35,01:00,2676.76,2025-07-06T01:00:00+03:00,2197.0,44.22,2591,3400.0,3400.0,2468.3069049569417,50.56367244667026,61.8,50.56367244667026,52.79097248240262,9.009027517597374,0.0,0.0,0.0,0.0,-0.0,0.0,24.257718397629702,8.0,61.8,52.79097248240262,61.8,0.0,50.56367244667026,0.0,61.8,61.8,61.8,0.0,0.0,0.0,0.0,0.0,0.0,0.0,0.0
2025-07-06 02:00:00+03:00,02:00,3058.7,77.09,65.47,02:00,2650.05,2025-07-06T02:00:00+03:00,2197.0,36.61,2591,2828.9742284990616,2442.727489597482,2097.995466253021,37.88794301040423,36.06612417025527,61.8,36.06612417025527,0.0,0.0,0.0,0.0,0.0,-0.0,0.0,14.970061162993233,8.0,61.8,0.0,61.8,61.8,61.8,0.0,61.8,61.8,61.8,0.0,0.0,0.0,0.0,0.0,23.91205698959577,0.0,0.0
2025-07-06 03:00:00+03:00,03:00,2710.11,68.3,58.0,03:00,2383.88,2025-07-06T03:00:00+03:00,2401.0,28.4,2591,2806.6696932054756,2524.967490326142,2452.3276262836484,30.253074691312296,25.670287316314113,61.8,25.670287316314113,0.0,0.0,0.0,0.0,0.0,1.0,0.0,14.970061162993233,8.0,61.8,0.0,61.8,61.8,61.8,0.0,61.8,61.8,61.8,0.0,0.0,0.0,0.0,0.0,31.5469253086877,0.0,0.0
2025-07-06 04:00:00+03:00,04:00,2924.99,73.72,62.6,04:00,2615.14,2025-07-06T04:00:00+03:00,2401.0,41.72,2591,3400.0,3400.0,2852.5392923757695,49.44085757994098,50.664359345841156,49.44085757994098,43.903400017737724,6.760959328103435,0.0,0.0,0.0,0.0,-0.0,0.0,14.970061162993233,8.0,61.8,55.03904067189656,61.8,0.0,49.44085757994098,0.0,61.8,61.8,61.8,0.0,0.0,0.0,0.0,0.0,0.0,0.0,0.0
2025-07-06 05:00:00+03:00,05:00,2940.54,74.11,62.94,05:00,2922.05,2025-07-06T05:00:00+03:00,2440.0,43.35,2591,3117.3216538616416,3239.2777780892616,2528.013830829543,47.69115331121401,47.81161549061996,0.0,47.81161549061996,0.0,0.0,0.0,0.0,0.0,-0.0,0.0,8.0,8.0,61.8,0.0,61.8,61.8,0.0,0.0,61.8,61.8,61.8,0.0,0.0,0.0,61.8,0.0,0.0,14.108846688785988,0.0
2025-07-06 06:00:00+03:00,06:00,3059.99,77.12,65.49,06:00,2897.69,2025-07-06T06:00:00+03:00,2560.0,41.55,2591,2953.7595310064175,2815.0018904507733,2506.6762638483083,43.76321916393602,43.48526909577631,61.8,43.48526909577631,0.0,0.0,0.0,0.0,0.0,-0.0,0.0,8.0,8.0,61.8,61.8,61.8,0.0,61.8,0.0,61.8,61.8,61.8,0.0,0.0,0.0,0.0,0.0,18.036780836063976,0.0,0.0
2025-07-06 07:00:00+03:00,07:00,1899.9,47.88,40.66,07:00,2031.21,2025-07-06T07:00:00+03:00,2000.0,27.01,2591,1883.2029849945727,2028.1133358163306,1989.4539466166023,28.380393118057448,7.387779075058836,0.0,7.387779075058836,0.0,22.163337225176505,0.0,0.0,0.0,-0.0,0.0,8.0,8.0,61.8,0.0,61.8,61.8,0.0,0.0,61.8,61.8,61.8,0.0,0.0,0.0,28.380393118057448,0.0,0.0,0.0,0.0
2025-07-06 08:00:00+03:00,08:00,1343.1,33.85,28.75,08:00,1406.58,2025-07-06T08:00:00+03:00,5.0,31.16,2591,1257.1256904143304,1287.1563490669614,4.807964440984234,31.667097780094167,8.911408037789013,0.0,8.911408037789013,0.0,26.734224113367038,0.0,0.0,0.0,-0.0,0.0,8.0,8.0,61.8,61.8,61.8,0.0,0.0,0.0,61.8,61.8,61.8,0.0,0.0,0.0,31.667097780094167,0.0,0.0,0.0,0.0
2025-07-06 09:00:00+03:00,09:00,511.02,12.88,10.94,09:00,666.61,2025-07-06T09:00:00+03:00,940.02,52.85,2591,402.24594706547674,461.847324810111,819.9662399609018,49.32977950767098,14.357198269587723,0.0,14.357198269587723,0.0,43.071594808763166,0.0,0.0,0.0,-0.0,0.0,8.0,8.0,61.8,0.0,61.8,61.8,0.0,0.0,61.8,61.8,61.8,0.0,0.0,0.0,49.32977950767098,0.0,0.0,0.0,0.0
2025-07-06 10:00:00+03:00,10:00,390.0,9.83,8.35,10:00,491.49,2025-07-06T10:00:00+03:00,390.0,58.91,2591,343.0883077655546,398.6943410786755,361.85298402048056,55.77835115072517,15.45,0.0,15.45,0.0,46.35,0.0,0.0,0.0,-0.0,0.0,8.0,8.0,61.8,0.0,61.8,61.8,0.0,0.0,61.8,61.8,61.8,0.0,0.0,0.0,61.8,0.0,0.0,6.0216488492748255,0.0
2025-07-06 11:00:00+03:00,11:00,250.0,6.3,5.35,11:00,305.39,2025-07-06T11:00:00+03:00,10.0,59.0,2591,204.2928822366729,217.89731443965408,8.903029163851654,53.26552320713024,15.115659251746056,0.0,15.115659251746056,0.0,45.34697775523817,0.0,0.0,0.0,-0.0,0.0,8.0,8.0,61.8,61.8,61.8,0.0,0.0,0.0,61.8,61.8,61.8,0.0,0.0,0.0,61.8,0.0,0.0,8.53447679286976,0.0
2025-07-06 12:00:00+03:00,12:00,151.01,3.81,3.23,12:00,266.41,2025-07-06T12:00:00+03:00,0.0,59.35,2591,141.59636284676583,235.72414025172537,0.0,55.78189561680598,15.45,0.0,15.45,0.0,13.15412371134019,0.0,0.0,0.0,1.0,33.195876288659804,8.0,40.2,61.8,61.8,61.8,33.195876288659804,0.0,0.0,61.8,61.8,61.8,0.0,0.0,0.0,61.8,0.0,0.0,39.213980671853804,33.1958762886598
2025-07-06 13:00:00+03:00,13:00,390.0,9.83,8.35,13:00,625.23,2025-07-06T13:00:00+03:00,1290.0,59.59,2591,341.0494647864904,494.5872253790254,1192.8520142736763,54.02229345565566,13.1653188939482,0.0,13.1653188939482,0.0,39.4959566818446,0.0,0.0,0.0,-0.0,0.0,40.2,40.2,61.8,61.8,61.8,32.2,0.0,0.0,61.8,61.8,61.8,0.0,0.0,0.0,54.02229345565566,0.0,0.0,0.0,0.0
2025-07-06 14:00:00+03:00,14:00,750.0,18.9,16.05,14:00,953.17,2025-07-06T14:00:00+03:00,1400.0,59.78,2591,800.076603560137,1033.0032645490085,1456.08579569014,59.163232175592185,15.409950962626722,0.0,15.409950962626722,0.0,46.22985288788016,0.0,0.0,0.0,-0.0,0.0,40.2,40.2,61.8,61.8,61.8,32.2,0.0,0.0,61.8,61.8,61.8,0.0,0.0,0.0,59.163232175592185,0.0,0.0,0.0,0.0
2025-07-06 15:00:00+03:00,15:00,1385.01,34.91,29.64,15:00,1587.89,2025-07-06T15:00:00+03:00,1385.01,59.46,2591,1345.5740836458317,1503.324966387536,1361.3484500110803,56.930125770296975,14.970856098269046,0.0,14.970856098269046,0.0,44.91256829480714,0.0,0.0,0.0,-0.0,0.0,40.2,40.2,61.8,32.2,61.8,61.8,0.0,0.0,61.8,61.8,61.8,0.0,0.0,0.0,61.8,0.0,0.0,4.869874229703022,0.0
2025-07-06 16:00:00+03:00,16:00,1899.89,47.88,40.66,16:00,2192.63,2025-07-06T16:00:00+03:00,1899.89,59.09,2591,1816.4421046107338,2022.573817393886,1849.8212626212387,56.1600458015081,13.413342733236707,0.0,13.413342733236707,0.0,40.240028199710125,0.0,0.0,0.0,-0.0,0.0,40.2,40.2,61.8,32.2,61.8,61.8,0.0,0.0,61.8,61.8,61.8,0.0,0.0,0.0,61.8,0.0,0.0,5.6399541984919,0.0
2025-07-06 17:00:00+03:00,17:00,1999.99,50.4,42.81,17:00,2440.65,2025-07-06T17:00:00+03:00,3000.0,58.99,2591,2076.0895268635495,2574.0719210690995,3068.48991648921,58.433326636288704,15.45,0.0,15.45,0.0,46.35,0.0,0.0,0.0,-0.0,0.0,40.2,40.2,61.8,61.8,61.8,32.2,0.0,0.0,61.8,61.8,61.8,0.0,0.0,0.0,58.433326636288704,0.0,0.0,0.0,0.0
2025-07-06 18:00:00+03:00,18:00,3150.01,79.39,67.42,18:00,3273.46,2025-07-06T18:00:00+03:00,3400.0,57.42,2591,2931.1320228520794,2886.1285640032424,3258.250902798268,54.22071709631065,58.353405913527546,61.8,58.353405913527546,0.0,0.0,0.0,0.0,0.0,1.0,0.0,40.2,40.2,61.8,61.8,61.8,32.2,61.8,0.0,61.8,61.8,61.8,0.0,0.0,0.0,0.0,0.0,7.5792829036893465,0.0,0.0
2025-07-06 19:00:00+03:00,19:00,3300.01,83.17,70.63,19:00,3358.71,2025-07-06T19:00:00+03:00,3400.0,46.74,2591,3215.598497905291,3192.7011728342623,3347.8185022292573,44.92287598504485,44.84459575295497,61.8,44.84459575295497,0.0,0.0,0.0,0.0,0.0,-0.0,0.0,40.2,40.2,61.8,32.2,61.8,61.8,61.8,0.0,61.8,61.8,61.8,0.0,0.0,0.0,0.0,0.0,16.87712401495515,0.0,0.0
2025-07-06 20:00:00+03:00,20:00,3385.0,85.31,72.45,20:00,3375.07,2025-07-06T20:00:00+03:00,3400.0,40.79,2591,3400.0,3400.0,3400.0,41.35264073917559,61.8,41.35264073917559,46.84235713358829,14.95764286641171,0.0,0.0,0.0,0.0,-0.0,0.0,40.2,40.2,61.8,17.2423571335883,61.8,61.8,41.35264073917559,0.0,61.8,61.8,61.8,0.0,0.0,0.0,0.0,20.447359260824406,0.0,0.0,0.0
2025-07-06 21:00:00+03:00,21:00,3399.54,85.68,72.76,21:00,3382.67,2025-07-06T21:00:00+03:00,3400.0,35.58,2591,3204.4387282355096,3035.6097121304465,3282.9233971454223,34.03110722936614,51.79427631082163,61.8,35.517919177233345,16.276357133588288,0.0,0.0,0.0,0.0,-0.0,0.0,24.77974962225597,19.12024818471711,61.8,56.64389105112882,61.8,0.0,61.8,0.0,61.8,61.8,61.8,0.0,0.0,0.0,0.0,0.0,27.768892770633855,0.0,0.0
2025-07-06 22:00:00+03:00,22:00,3300.01,83.17,70.63,22:00,3323.56,2025-07-06T22:00:00+03:00,3400.0,23.41,2591,3221.91860778836,3168.3906915735147,3351.7254674525975,22.686039962787316,22.52732907033676,61.8,22.52732907033676,0.0,0.0,0.0,0.0,0.0,1.0,0.0,8.0,19.12024818471711,61.8,11.120248184717113,61.8,61.8,61.8,0.0,61.8,61.8,61.8,0.0,0.0,0.0,0.0,0.0,39.11396003721268,0.0,0.0
2025-07-06 23:00:00+03:00,23:00,3200.0,80.65,68.49,23:00,3244.79,2025-07-06T23:00:00+03:00,3400.0,11.47,2591,3199.6114968522093,3234.1604958687217,3399.7523292360092,11.26226705297221,18.280567086430793,0.0,2.570141771607698,15.710425314823095,7.710425314823095,35.809007598746106,0.0,0.0,-0.0,0.0,8.0,19.12024818471711,61.8,-15.710425314823095,61.8,37.111240585971004,0.0,0.0,61.8,61.8,61.8,0.0,0.0,0.0,11.26226705297221,10.786640739175596,0.0,0.0,0.0
2025-07-07 00:00:00+03:00,00:00,3241.7,81.7,69.38,00:00,3217.37,2025-07-07T00:00:00+03:00,3400.0,14.11,2591,3368.1856206743637,3400.0,3400.0,14.223731576272176,0.0,0.0,0.0,0.0,0.0,0.0,0.0,0.0,0.0,0.0,,8.0,61.8,0.0,61.8,61.8,0.0,0.0,61.8,61.8,61.8,0.0,0.0,0.0,14.223731576272174,47.576268423727825,0.0,0.0,0.0
2025-07-07 01:00:00+03:00,01:00,3157.0,79.56,67.57,01:00,3148.02,2025-07-07T01:00:00+03:00,3350.0,31.62,2591,3035.6557927246968,2914.2460241444214,3272.7425224480503,30.663266654560218,0.0,,0.0,0.0,0.0,0.0,0.0,0.0,0.0,0.0,,,,,,,,,,,,,,,,,,,
2025-07-07 02:00:00+03:00,02:00,2777.01,69.99,59.44,02:00,2952.38,2025-07-07T02:00:00+03:00,3118.88,39.14,2591,2529.6207188272183,2420.0213745416368,2952.1731862821875,36.582892341139214,0.0,,0.0,0.0,0.0,0.0,0.0,0.0,0.0,0.0,,,,,,,,,,,,,,,,,,,
2025-07-07 03:00:00+03:00,03:00,2950.0,74.35,63.14,03:00,2937.43,2025-07-07T03:00:00+03:00,3118.88,37.63,2591,2869.3063482041507,2746.4657865166323,3067.6921050744495,36.12953237756156,0.0,,0.0,0.0,0.0,0.0,0.0,0.0,0.0,0.0,,,,,,,,,,,,,,,,,,,
2025-07-07 04:00:00+03:00,04:00,2999.0,75.58,64.19,04:00,3164.42,2025-07-07T04:00:00+03:00,3118.88,28.63,2591,2994.312459533875,3124.6797873767073,3115.9550497742753,27.914720586920218,0.0,,0.0,0.0,0.0,0.0,0.0,0.0,0.0,0.0,,,,,,,,,,,,,,,,,,,
2025-07-07 05:00:00+03:00,05:00,2777.01,69.99,59.44,05:00,3171.61,2025-07-07T05:00:00+03:00,3100.0,37.67,2591,2809.186720054496,3225.1667327839746,3121.551488579624,37.15312076978789,0.0,,0.0,0.0,0.0,0.0,0.0,0.0,0.0,0.0,,,,,,,,,,,,,,,,,,,
2025-07-07 06:00:00+03:00,06:00,2299.0,57.94,49.21,06:00,2469.23,2025-07-07T06:00:00+03:00,1736.0,44.74,2591,2354.80708369628,2581.878521558697,1761.2843229133562,44.68319763027672,0.0,,0.0,0.0,0.0,0.0,0.0,0.0,0.0,0.0,,,,,,,,,,,,,,,,,,,
2025-07-07 07:00:00+03:00,07:00,1899.99,47.88,40.67,07:00,1813.69,2025-07-07T07:00:00+03:00,1500.0,45.17,2591,1863.0607798796539,1744.1370195751517,1482.5071194540951,44.19975244291951,0.0,,0.0,0.0,0.0,0.0,0.0,0.0,0.0,0.0,,,,,,,,,,,,,,,,,,,
2025-07-07 08:00:00+03:00,08:00,2999.0,75.58,64.19,08:00,3116.96,2025-07-07T08:00:00+03:00,3200.0,57.86,2591,2998.8523427179543,3111.6567968493646,3199.905467828698,57.206742489454236,0.0,,0.0,0.0,0.0,0.0,0.0,0.0,0.0,0.0,,,,,,,,,,,,,,,,,,,
2025-07-07 09:00:00+03:00,09:00,3157.01,79.56,67.57,09:00,3285.56,2025-07-07T09:00:00+03:00,3400.0,58.78,2591,3203.178374255838,3378.2171808027965,3400.0,58.732706090680054,0.0,,0.0,0.0,0.0,0.0,0.0,0.0,0.0,0.0,,,,,,,,,,,,,,,,,,,
2025-07-07 10:00:00+03:00,10:00,2777.01,69.99,59.44,10:00,3056.7,2025-07-07T10:00:00+03:00,3400.0,58.75,2591,2702.1886822064284,2894.3761670636104,3345.0360321716666,57.45077631989891,0.0,,0.0,0.0,0.0,0.0,0.0,0.0,0.0,0.0,,,,,,,,,,,,,,,,,,,
2025-07-07 11:00:00+03:00,11:00,2800.0,70.57,59.93,11:00,2957.71,2025-07-07T11:00:00+03:00,3400.0,58.76,2591,3015.943987466366,3400.0,3400.0,60.94445920737229,0.0,,0.0,0.0,0.0,0.0,0.0,0.0,0.0,0.0,,,,,,,,,,,,,,,,,,,
2025-07-07 12:00:00+03:00,12:00,1999.98,50.4,42.81,12:00,2108.61,2025-07-07T12:00:00+03:00,3400.0,58.78,2591,2139.909315983897,2416.935339569029,3400.0,61.47297929026379,0.0,,0.0,0.0,0.0,0.0,0.0,0.0,0.0,0.0,,,,,,,,,,,,,,,,,,,
2025-07-07 13:00:00+03:00,13:00,2747.01,69.23,58.79,13:00,2772.07,2025-07-07T13:00:00+03:00,3400.0,58.81,2591,2698.701191270968,2705.3019278383413,3364.1246410434464,58.99838390765249,0.0,,0.0,0.0,0.0,0.0,0.0,0.0,0.0,0.0,,,,,,,,,,,,,,,,,,,
2025-07-07 14:00:00+03:00,14:00,2777.01,69.99,59.44,14:00,3049.72,2025-07-07T14:00:00+03:00,3400.0,58.79,2591,2838.870964313282,3202.2043599735985,3400.0,60.10803546557803,0.0,,0.0,0.0,0.0,0.0,0.0,0.0,0.0,0.0,,,,,,,,,,,,,,,,,,,
2025-07-07 15:00:00+03:00,15:00,3084.01,77.72,66.01,15:00,3269.44,2025-07-07T15:00:00+03:00,3400.0,58.76,2591,2974.933436104247,3057.02933318981,3327.848421260844,58.161589603224556,0.0,,0.0,0.0,0.0,0.0,0.0,0.0,0.0,0.0,,,,,,,,,,,,,,,,,,,
2025-07-07 16:00:00+03:00,16:00,3241.7,81.7,69.38,16:00,3315.05,2025-07-07T16:00:00+03:00,3400.0,58.98,2591,3300.4823218803263,3400.0,3400.0,59.86211425719574,0.0,,0.0,0.0,0.0,0.0,0.0,0.0,0.0,0.0,,,,,,,,,,,,,,,,,,,
2025-07-07 17:00:00+03:00,17:00,3399.54,85.68,72.76,17:00,3369.28,2025-07-07T17:00:00+03:00,3400.0,59.03,2591,3400.0,3400.0,3400.0,61.8,0.0,,0.0,0.0,0.0,0.0,0.0,0.0,0.0,0.0,,,,,,,,,,,,,,,,,,,
2025-07-07 18:00:00+03:00,18:00,3357.0,84.6,71.85,18:00,3418.97,2025-07-07T18:00:00+03:00,3400.0,56.63,2591,3357.8449414399356,3400.0,3400.0,57.52076399653137,0.0,,0.0,0.0,0.0,0.0,0.0,0.0,0.0,0.0,,,,,,,,,,,,,,,,,,,
2025-07-07 19:00:00+03:00,19:00,3399.55,85.68,72.76,19:00,3421.96,2025-07-07T19:00:00+03:00,3400.0,46.25,2591,3400.0,3400.0,3400.0,48.20505202215962,0.0,,0.0,0.0,0.0,0.0,0.0,0.0,0.0,0.0,,,,,,,,,,,,,,,,,,,
2025-07-07 20:00:00+03:00,20:00,3399.55,85.68,72.76,20:00,3418.72,2025-07-07T20:00:00+03:00,3400.0,46.02,2591,3400.0,3400.0,3400.0,48.24341550882729,0.0,,0.0,0.0,0.0,0.0,0.0,0.0,0.0,0.0,,,,,,,,,,,,,,,,,,,
2025-07-07 21:00:00+03:00,21:00,3399.55,85.68,72.76,21:00,3419.08,2025-07-07T21:00:00+03:00,3400.0,36.17,2591,3400.0,3400.0,3400.0,38.54741074582342,0.0,,0.0,0.0,0.0,0.0,0.0,0.0,0.0,0.0,,,,,,,,,,,,,,,,,,,
2025-07-07 22:00:00+03:00,22:00,3399.54,85.68,72.76,22:00,3421.79,2025-07-07T22:00:00+03:00,3400.0,25.09,2591,3400.0,3400.0,3400.0,27.919481360620434,0.0,,0.0,0.0,0.0,0.0,0.0,0.0,0.0,0.0,,,,,,,,,,,,,,,,,,,
2025-07-07 23:00:00+03:00,23:00,3357.0,84.6,71.85,23:00,3413.22,2025-07-07T23:00:00+03:00,3400.0,6.39,2591,3400.0,3400.0,3400.0,6.955487117700308,0.0,,0.0,0.0,0.0,0.0,0.0,0.0,0.0,0.0,,,,,,,,,,,,,,,,,,,
2025-07-08 00:00:00+03:00,00:00,3233.0,81.48,69.2,00:00,3397.36,2025-07-08T00:00:00+03:00,3400.0,2.33,2591,3247.238913141733,3400.0,3400.0,2.452579450343878,0.0,,0.0,0.0,0.0,0.0,0.0,0.0,0.0,0.0,,,,,,,,,,,,,,,,,,,
2025-07-08 01:00:00+03:00,01:00,3155.47,79.52,67.54,01:00,3285.3,2025-07-08T01:00:00+03:00,3400.0,0.73,2591,3023.4666665110644,3058.392013130524,3314.6603199151223,0.7431636464111051,0.0,,0.0,0.0,0.0,0.0,0.0,0.0,0.0,0.0,,,,,,,,,,,,,,,,,,,
2025-07-08 02:00:00+03:00,02:00,3058.6,77.08,65.46,02:00,3140.45,2025-07-08T02:00:00+03:00,3400.0,0.0,2591,2857.067560912116,2743.2615605505075,3265.583542882599,0.0,0.0,,0.0,0.0,0.0,0.0,0.0,0.0,0.0,0.0,,,,,,,,,,,,,,,,,,,
2025-07-08 03:00:00+03:00,03:00,3233.01,81.48,69.2,03:00,3182.11,2025-07-08T03:00:00+03:00,3400.0,0.0,2591,3092.7318377620236,2895.9780855568606,3311.4857513693205,0.0,0.0,,0.0,0.0,0.0,0.0,0.0,0.0,0.0,0.0,,,,,,,,,,,,,,,,,,,
2025-07-08 04:00:00+03:00,04:00,3129.99,78.88,66.99,04:00,3114.69,2025-07-08T04:00:00+03:00,3400.0,0.95,2591,3101.895197873541,3038.903037161643,3381.68895225289,0.9515769246422571,0.0,,0.0,0.0,0.0,0.0,0.0,0.0,0.0,0.0,,,,,,,,,,,,,,,,,,,
2025-07-08 05:00:00+03:00,05:00,3149.0,79.36,67.4,05:00,3131.4,2025-07-08T05:00:00+03:00,3400.0,1.68,2591,3175.605704779321,3168.5171479032906,3400.0,1.6963155830116468,0.0,,0.0,0.0,0.0,0.0,0.0,0.0,0.0,0.0,,,,,,,,,,,,,,,,,,,
2025-07-08 06:00:00+03:00,06:00,3032.45,76.42,64.9,06:00,2866.35,2025-07-08T06:00:00+03:00,3350.0,5.3,2591,3173.2421808320387,3125.5337157366353,3400.0,5.475273149374984,0.0,,0.0,0.0,0.0,0.0,0.0,0.0,0.0,0.0,,,,,,,,,,,,,,,,,,,
2025-07-08 07:00:00+03:00,07:00,2744.78,69.17,58.75,07:00,2691.15,2025-07-08T07:00:00+03:00,2744.78,11.36,2591,2823.026018855462,2852.8210580664786,2791.727611313277,11.683758880669885,0.0,,0.0,0.0,0.0,0.0,0.0,0.0,0.0,0.0,,,,,,,,,,,,,,,,,,,
2025-07-08 08:00:00+03:00,08:00,3199.99,80.65,68.49,08:00,3181.22,2025-07-08T08:00:00+03:00,3290.58,16.4,2591,3400.0,3400.0,3400.0,17.512427392417223,0.0,,0.0,0.0,0.0,0.0,0.0,0.0,0.0,0.0,,,,,,,,,,,,,,,,,,,
2025-07-08 09:00:00+03:00,09:00,3090.01,77.87,66.14,09:00,3022.87,2025-07-08T09:00:00+03:00,3400.0,24.94,2591,3215.574954570323,3305.1932229415825,3400.0,26.17993182394775,0.0,,0.0,0.0,0.0,0.0,0.0,0.0,0.0,0.0,,,,,,,,,,,,,,,,,,,
2025-07-08 10:00:00+03:00,10:00,2744.78,69.17,58.75,10:00,2689.92,2025-07-08T10:00:00+03:00,3400.0,35.71,2591,3185.015055601724,3400.0,3400.0,40.1331898271329,0.0,,0.0,0.0,0.0,0.0,0.0,0.0,0.0,0.0,,,,,,,,,,,,,,,,,,,
2025-07-08 11:00:00+03:00,11:00,2616.0,65.93,55.99,11:00,2695.41,2025-07-08T11:00:00+03:00,3400.0,46.66,2591,2949.5853138009243,3400.0,3400.0,52.448386351214886,0.0,,0.0,0.0,0.0,0.0,0.0,0.0,0.0,0.0,,,,,,,,,,,,,,,,,,,
2025-07-08 12:00:00+03:00,12:00,2079.99,52.42,44.52,12:00,2228.76,2025-07-08T12:00:00+03:00,3000.0,57.03,2591,2149.986895200655,2441.67027394476,3060.574527455026,61.5770965642524,0.0,,0.0,0.0,0.0,0.0,0.0,0.0,0.0,0.0,,,,,,,,,,,,,,,,,,,
2025-07-08 13:00:00+03:00,13:00,2655.78,66.93,56.84,13:00,2847.06,2025-07-08T13:00:00+03:00,3050.0,56.49,2591,2567.2014622497995,2718.9546164460253,2988.9637981749743,58.50359373125502,0.0,,0.0,0.0,0.0,0.0,0.0,0.0,0.0,0.0,,,,,,,,,,,,,,,,,,,
2025-07-08 14:00:00+03:00,14:00,3130.0,78.88,66.99,14:00,3194.97,2025-07-08T14:00:00+03:00,3400.0,53.34,2591,3142.8697816044664,3255.674600736118,3400.0,55.72816717886456,0.0,,0.0,0.0,0.0,0.0,0.0,0.0,0.0,0.0,,,,,,,,,,,,,,,,,,,
2025-07-08 15:00:00+03:00,15:00,3149.0,79.36,67.4,15:00,3230.93,2025-07-08T15:00:00+03:00,3400.0,53.32,2591,3121.5845273780737,3198.6328360282755,3382.2395795018324,54.99172989748103,0.0,,0.0,0.0,0.0,0.0,0.0,0.0,0.0,0.0,,,,,,,,,,,,,,,,,,,
2025-07-08 16:00:00+03:00,16:00,3350.01,84.43,71.7,16:00,3380.93,2025-07-08T16:00:00+03:00,3400.0,40.58,2591,3400.0,3400.0,3400.0,42.53067542719813,0.0,,0.0,0.0,0.0,0.0,0.0,0.0,0.0,0.0,,,,,,,,,,,,,,,,,,,
2025-07-08 17:00:00+03:00,17:00,3399.54,85.68,72.76,17:00,3434.33,2025-07-08T17:00:00+03:00,3400.0,36.5,2591,3400.0,3400.0,3400.0,38.509562994098324,0.0,,0.0,0.0,0.0,0.0,0.0,0.0,0.0,0.0,,,,,,,,,,,,,,,,,,,
2025-07-08 18:00:00+03:00,18:00,3399.54,85.68,72.76,18:00,3451.74,2025-07-08T18:00:00+03:00,3400.0,28.87,2591,3400.0,3400.0,3400.0,30.1579823607664,0.0,,0.0,0.0,0.0,0.0,0.0,0.0,0.0,0.0,,,,,,,,,,,,,,,,,,,
2025-07-08 19:00:00+03:00,19:00,3400.0,85.69,72.77,19:00,3450.33,2025-07-08T19:00:00+03:00,3400.0,19.61,2591,3299.9605087767286,3272.3098271497147,3339.9763052660373,19.85546596229128,0.0,,0.0,0.0,0.0,0.0,0.0,0.0,0.0,0.0,,,,,,,,,,,,,,,,,,,
2025-07-08 20:00:00+03:00,20:00,3400.0,85.69,72.77,20:00,3446.31,2025-07-08T20:00:00+03:00,3400.0,12.28,2591,3082.4522770694402,2808.6683917918776,3209.471366241664,11.852586769646347,0.0,,0.0,0.0,0.0,0.0,0.0,0.0,0.0,0.0,,,,,,,,,,,,,,,,,,,
2025-07-08 21:00:00+03:00,21:00,3400.0,85.69,72.77,21:00,3449.23,2025-07-08T21:00:00+03:00,3400.0,5.2,2591,3133.5638243902704,2880.3985069563896,3240.1382946341623,4.9765027490603515,0.0,,0.0,0.0,0.0,0.0,0.0,0.0,0.0,0.0,,,,,,,,,,,,,,,,,,,
2025-07-08 22:00:00+03:00,22:00,3400.0,85.69,72.77,22:00,3449.52,2025-07-08T22:00:00+03:00,3400.0,0.01,2591,3385.7260896691528,3375.164919849211,3391.4356538014913,0.009891587593491845,0.0,,0.0,0.0,0.0,0.0,0.0,0.0,0.0,0.0,,,,,,,,,,,,,,,,,,,
2025-07-08 23:00:00+03:00,23:00,3399.54,85.68,72.76,23:00,3452.81,2025-07-08T23:00:00+03:00,3400.0,0.0,2591,3400.0,3400.0,3400.0,0.0,0.0,,0.0,0.0,0.0,0.0,0.0,0.0,0.0,0.0,,,,,,,,,,,,,,,,,,,
2025-07-09 00:00:00+03:00,00:00,3399.55,85.2,72.59,00:00,3404.88,2025-07-09T00:00:00+03:00,3400.0,0.0,2591,3204.4991807679585,2997.0950409596885,3282.9540170806827,0.0,0.0,,0.0,0.0,0.0,0.0,0.0,0.0,0.0,0.0,,,,,,,,,,,,,,,,,,,
2025-07-09 01:00:00+03:00,01:00,3399.54,85.2,72.59,01:00,3405.84,2025-07-09T01:00:00+03:00,3400.0,0.0,2591,3311.946626947072,3199.687695804459,3347.4368646852304,0.0,0.0,,0.0,0.0,0.0,0.0,0.0,0.0,0.0,0.0,,,,,,,,,,,,,,,,,,,
2025-07-09 02:00:00+03:00,02:00,3360.0,84.21,71.75,02:00,3366.72,2025-07-09T02:00:00+03:00,3400.0,0.27,2591,3372.7885743069073,3363.9857081569276,3400.0,0.2665600545276253,0.0,,0.0,0.0,0.0,0.0,0.0,0.0,0.0,0.0,,,,,,,,,,,,,,,,,,,
2025-07-09 03:00:00+03:00,03:00,3399.54,85.2,72.59,03:00,3339.15,2025-07-09T03:00:00+03:00,3400.0,7.81,2591,3257.068005620287,3042.2540086812432,3314.505236433572,7.51833413596341,0.0,,0.0,0.0,0.0,0.0,0.0,0.0,0.0,0.0,,,,,,,,,,,,,,,,,,,
2025-07-09 04:00:00+03:00,04:00,3399.54,85.2,72.59,04:00,3323.43,2025-07-09T04:00:00+03:00,3400.0,22.31,2591,3340.1865357054753,3182.44558813314,3364.383102666587,21.704692872480035,0.0,,0.0,0.0,0.0,0.0,0.0,0.0,0.0,0.0,,,,,,,,,,,,,,,,,,,
2025-07-09 05:00:00+03:00,05:00,3399.54,85.2,72.59,05:00,3276.73,2025-07-09T05:00:00+03:00,3400.0,7.49,2591,3373.822064758581,3205.451257990167,3384.5671508814444,7.330345844738274,0.0,,0.0,0.0,0.0,0.0,0.0,0.0,0.0,0.0,,,,,,,,,,,,,,,,,,,
2025-07-09 06:00:00+03:00,06:00,3280.0,82.2,70.04,06:00,3038.56,2025-07-09T06:00:00+03:00,2207.0,6.59,2591,3077.6647108296415,2648.2980293039413,2125.313295756284,6.244635205937502,0.0,,0.0,0.0,0.0,0.0,0.0,0.0,0.0,0.0,,,,,,,,,,,,,,,,,,,
2025-07-09 07:00:00+03:00,07:00,2826.2,70.83,60.35,07:00,2592.3,2025-07-09T07:00:00+03:00,2161.0,10.53,2591,2772.1540548932667,2468.634379699623,2136.204878485107,10.173952555319701,0.0,,0.0,0.0,0.0,0.0,0.0,0.0,0.0,0.0,,,,,,,,,,,,,,,,,,,
2025-07-09 08:00:00+03:00,08:00,2990.99,74.96,63.87,08:00,2924.49,2025-07-09T08:00:00+03:00,3000.0,18.11,2591,3040.536692680281,2997.8075944537486,3029.8175677031704,17.894178854288285,0.0,,0.0,0.0,0.0,0.0,0.0,0.0,0.0,0.0,,,,,,,,,,,,,,,,,,,
2025-07-09 09:00:00+03:00,09:00,3200.0,80.2,68.33,09:00,3034.81,2025-07-09T09:00:00+03:00,3300.0,29.25,2591,3400.0,3400.0,3400.0,29.904085183431445,0.0,,0.0,0.0,0.0,0.0,0.0,0.0,0.0,0.0,,,,,,,,,,,,,,,,,,,
2025-07-09 10:00:00+03:00,10:00,2850.01,71.43,60.86,10:00,2731.38,2025-07-09T10:00:00+03:00,3000.0,39.06,2591,3109.7745987488015,3240.42920815977,3164.061276187748,41.03728224201407,0.0,,0.0,0.0,0.0,0.0,0.0,0.0,0.0,0.0,,,,,,,,,,,,,,,,,,,
2025-07-09 11:00:00+03:00,11:00,3089.01,77.42,65.96,11:00,2893.53,2025-07-09T11:00:00+03:00,3100.0,43.68,2591,3045.1572515365815,2845.422226746463,3073.594740016394,43.75418324511122,0.0,,0.0,0.0,0.0,0.0,0.0,0.0,0.0,0.0,,,,,,,,,,,,,,,,,,,
2025-07-09 12:00:00+03:00,12:00,2744.01,68.77,58.59,12:00,2564.74,2025-07-09T12:00:00+03:00,1052.0,43.03,2591,2591.9669364344754,2296.495404574016,1017.0257900945844,41.88147908458083,0.0,,0.0,0.0,0.0,0.0,0.0,0.0,0.0,0.0,,,,,,,,,,,,,,,,,,,
2025-07-09 13:00:00+03:00,13:00,2896.01,72.58,61.84,13:00,2673.02,2025-07-09T13:00:00+03:00,2219.0,44.28,2591,2874.3082181750538,2628.969759430504,2209.0229100307893,43.95957070593078,0.0,,0.0,0.0,0.0,0.0,0.0,0.0,0.0,0.0,,,,,,,,,,,,,,,,,,,
2025-07-09 14:00:00+03:00,14:00,3149.77,78.94,67.26,14:00,2965.47,2025-07-09T14:00:00+03:00,3349.77,43.26,2591,3216.523351388047,3086.0663819062825,3392.365181339426,43.66070049534546,0.0,,0.0,0.0,0.0,0.0,0.0,0.0,0.0,0.0,,,,,,,,,,,,,,,,,,,
2025-07-09 15:00:00+03:00,15:00,2990.99,74.96,63.87,15:00,2785.9,2025-07-09T15:00:00+03:00,3400.0,36.42,2591,3106.048111730867,3003.028125809469,3400.0,37.269483710343,0.0,,0.0,0.0,0.0,0.0,0.0,0.0,0.0,0.0,,,,,,,,,,,,,,,,,,,
2025-07-09 16:00:00+03:00,16:00,3359.99,84.21,71.75,16:00,3224.96,2025-07-09T16:00:00+03:00,3400.0,30.54,2591,3400.0,3400.0,3400.0,34.67535715068332,0.0,,0.0,0.0,0.0,0.0,0.0,0.0,0.0,0.0,,,,,,,,,,,,,,,,,,,
2025-07-09 17:00:00+03:00,17:00,3399.55,85.2,72.59,17:00,3381.93,2025-07-09T17:00:00+03:00,3400.0,22.56,2591,3400.0,3400.0,3400.0,25.542960515630043,0.0,,0.0,0.0,0.0,0.0,0.0,0.0,0.0,0.0,,,,,,,,,,,,,,,,,,,
2025-07-09 18:00:00+03:00,18:00,3399.55,85.2,72.59,18:00,3408.07,2025-07-09T18:00:00+03:00,3400.0,13.87,2591,3400.0,3400.0,3400.0,15.901356956807355,0.0,,0.0,0.0,0.0,0.0,0.0,0.0,0.0,0.0,,,,,,,,,,,,,,,,,,,
2025-07-09 19:00:00+03:00,19:00,3400.0,85.21,72.6,19:00,3437.75,2025-07-09T19:00:00+03:00,3400.0,4.35,2591,3400.0,3400.0,3400.0,5.016021552255198,0.0,,0.0,0.0,0.0,0.0,0.0,0.0,0.0,0.0,,,,,,,,,,,,,,,,,,,
2025-07-09 20:00:00+03:00,20:00,3400.0,85.21,72.6,20:00,3420.77,2025-07-09T20:00:00+03:00,3400.0,0.09,2591,3400.0,3400.0,3400.0,0.10347154919404812,0.0,,0.0,0.0,0.0,0.0,0.0,0.0,0.0,0.0,,,,,,,,,,,,,,,,,,,
2025-07-09 21:00:00+03:00,21:00,3400.0,85.21,72.6,21:00,3422.2,2025-07-09T21:00:00+03:00,3400.0,0.0,2591,3400.0,3400.0,3400.0,0.0,0.0,,0.0,0.0,0.0,0.0,0.0,0.0,0.0,0.0,,,,,,,,,,,,,,,,,,,
2025-07-09 22:00:00+03:00,22:00,3400.0,85.21,72.6,22:00,3413.15,2025-07-09T22:00:00+03:00,3400.0,0.0,2591,3400.0,3400.0,3400.0,0.0,0.0,,0.0,0.0,0.0,0.0,0.0,0.0,0.0,0.0,,,,,,,,,,,,,,,,,,,
2025-07-09 23:00:00+03:00,23:00,3399.55,85.2,72.59,23:00,3377.68,2025-07-09T23:00:00+03:00,3400.0,0.0,2591,3400.0,3400.0,3400.0,0.0,0.0,,0.0,0.0,0.0,0.0,0.0,0.0,0.0,0.0,,,,,,,,,,,,,,,,,,,
2025-07-10 00:00:00+03:00,00:00,3400.0,85.14,72.52,00:00,3376.16,2025-07-10T00:00:00+03:00,3400.0,0.0,2591,3366.7900341942054,3367.528937163056,3380.074020516523,0.0,0.0,,0.0,0.0,0.0,0.0,0.0,0.0,0.0,0.0,,,,,,,,,,,,,,,,,,,
2025-07-10 01:00:00+03:00,01:00,3399.54,85.13,72.51,01:00,3377.26,2025-07-10T01:00:00+03:00,3400.0,0.0,2591,3297.1160766149883,3207.7280917234584,3338.5373304313457,0.0,0.0,,0.0,0.0,0.0,0.0,0.0,0.0,0.0,0.0,,,,,,,,,,,,,,,,,,,
2025-07-10 02:00:00+03:00,02:00,3200.0,80.13,68.25,02:00,3120.98,2025-07-10T02:00:00+03:00,3350.0,0.0,2591,3155.2526438842547,3044.6991084078954,3321.8930669397973,0.0,0.0,,0.0,0.0,0.0,0.0,0.0,0.0,0.0,0.0,,,,,,,,,,,,,,,,,,,
2025-07-10 03:00:00+03:00,03:00,3150.01,78.88,67.19,03:00,3146.43,2025-07-10T03:00:00+03:00,3250.0,0.0,2591,3400.0,3400.0,3400.0,0.0,0.0,,0.0,0.0,0.0,0.0,0.0,0.0,0.0,0.0,,,,,,,,,,,,,,,,,,,
2025-07-10 04:00:00+03:00,04:00,2920.0,73.12,62.28,04:00,2834.82,2025-07-10T04:00:00+03:00,3100.0,0.0,2591,2835.4438658381814,2702.7168977818374,3046.1389008421293,0.0,0.0,,0.0,0.0,0.0,0.0,0.0,0.0,0.0,0.0,,,,,,,,,,,,,,,,,,,
2025-07-10 05:00:00+03:00,05:00,2498.01,62.55,53.28,05:00,2834.68,2025-07-10T05:00:00+03:00,3300.0,0.23,2591,2540.3224459700164,2943.3500278190127,3333.5381535785014,0.24024539447480112,0.0,,0.0,0.0,0.0,0.0,0.0,0.0,0.0,0.0,,,,,,,,,,,,,,,,,,,
2025-07-10 06:00:00+03:00,06:00,2616.0,65.51,55.8,06:00,2784.42,2025-07-10T06:00:00+03:00,3300.0,3.17,2591,2431.6433730669874,2404.755289742723,3160.464020899325,3.1366577441818277,0.0,,0.0,0.0,0.0,0.0,0.0,0.0,0.0,0.0,,,,,,,,,,,,,,,,,,,
2025-07-10 07:00:00+03:00,07:00,2350.01,58.85,50.12,07:00,2401.35,2025-07-10T07:00:00+03:00,2919.0,13.76,2591,2195.190816395816,2075.191924855619,2803.6173768773883,13.44216727531337,0.0,,0.0,0.0,0.0,0.0,0.0,0.0,0.0,0.0,,,,,,,,,,,,,,,,,,,
2025-07-10 08:00:00+03:00,08:00,3250.01,81.39,69.32,08:00,3219.63,2025-07-10T08:00:00+03:00,3280.0,17.6,2591,3298.498185727197,3285.9873509462063,3309.361371045358,17.82941522033598,0.0,,0.0,0.0,0.0,0.0,0.0,0.0,0.0,0.0,,,,,,,,,,,,,,,,,,,
2025-07-10 09:00:00+03:00,09:00,3164.06,79.23,67.49,09:00,3097.7,2025-07-10T09:00:00+03:00,3300.0,22.43,2591,3202.552810052963,3159.1108452672916,3324.087964167831,22.721771972764998,0.0,,0.0,0.0,0.0,0.0,0.0,0.0,0.0,0.0,,,,,,,,,,,,,,,,,,,
2025-07-10 10:00:00+03:00,10:00,2999.0,75.1,63.97,10:00,2935.52,2025-07-10T10:00:00+03:00,3300.0,28.09,2591,2859.2830204099023,2656.973058326439,3207.7560454856975,27.492372683740776,0.0,,0.0,0.0,0.0,0.0,0.0,0.0,0.0,0.0,,,,,,,,,,,,,,,,,,,
2025-07-10 11:00:00+03:00,11:00,2741.01,68.64,58.46,11:00,2838.62,2025-07-10T11:00:00+03:00,3400.0,31.59,2591,2566.3586017930825,2460.493495394515,3270.015486137551,30.340829000026798,0.0,,0.0,0.0,0.0,0.0,0.0,0.0,0.0,0.0,,,,,,,,,,,,,,,,,,,
2025-07-10 12:00:00+03:00,12:00,1399.99,35.06,29.86,12:00,1539.6,2025-07-10T12:00:00+03:00,3400.0,33.37,2591,1394.0388498141147,1510.924432418249,3391.3282620738673,32.92872103204445,0.0,,0.0,0.0,0.0,0.0,0.0,0.0,0.0,0.0,,,,,,,,,,,,,,,,,,,
2025-07-10 13:00:00+03:00,13:00,2741.0,68.64,58.46,13:00,2988.23,2025-07-10T13:00:00+03:00,3400.0,36.4,2591,2633.9123020480106,2733.8027395950676,3320.299560809173,35.19329455969486,0.0,,0.0,0.0,0.0,0.0,0.0,0.0,0.0,0.0,,,,,,,,,,,,,,,,,,,
2025-07-10 14:00:00+03:00,14:00,3114.23,77.99,66.42,14:00,3085.76,2025-07-10T14:00:00+03:00,3370.0,36.42,2591,3074.9334743948552,2981.7786002138278,3344.48564339384,35.63023945949578,0.0,,0.0,0.0,0.0,0.0,0.0,0.0,0.0,0.0,,,,,,,,,,,,,,,,,,,
2025-07-10 15:00:00+03:00,15:00,2998.01,75.08,63.95,15:00,3083.56,2025-07-10T15:00:00+03:00,3370.0,38.01,2591,2982.143230831171,3030.072627366962,3359.298699050579,37.36136209779354,0.0,,0.0,0.0,0.0,0.0,0.0,0.0,0.0,0.0,,,,,,,,,,,,,,,,,,,
2025-07-10 16:00:00+03:00,16:00,2980.31,74.63,63.57,16:00,3207.14,2025-07-10T16:00:00+03:00,3400.0,51.22,2591,2873.747592545984,2962.002503304736,3327.0588256905517,49.475795148216626,0.0,,0.0,0.0,0.0,0.0,0.0,0.0,0.0,0.0,,,,,,,,,,,,,,,,,,,
2025-07-10 17:00:00+03:00,17:00,2880.0,72.12,61.43,17:00,3212.69,2025-07-10T17:00:00+03:00,3400.0,43.08,2591,3126.9424835654318,3400.0,3400.0,44.60387330077456,0.0,,0.0,0.0,0.0,0.0,0.0,0.0,0.0,0.0,,,,,,,,,,,,,,,,,,,
2025-07-10 18:00:00+03:00,18:00,3190.01,79.88,68.04,18:00,3327.03,2025-07-10T18:00:00+03:00,3400.0,32.44,2591,3400.0,3400.0,3400.0,34.03230794970553,0.0,,0.0,0.0,0.0,0.0,0.0,0.0,0.0,0.0,,,,,,,,,,,,,,,,,,,
2025-07-10 19:00:00+03:00,19:00,3399.54,85.13,72.51,19:00,3418.65,2025-07-10T19:00:00+03:00,3400.0,20.85,2591,3224.899687064132,3105.09543899279,3295.2016336359716,20.45317706169599,0.0,,0.0,0.0,0.0,0.0,0.0,0.0,0.0,0.0,,,,,,,,,,,,,,,,,,,
2025-07-10 20:00:00+03:00,20:00,3399.54,85.13,72.51,20:00,3424.22,2025-07-10T20:00:00+03:00,3400.0,15.78,2591,3326.4487573000424,3283.9235267114614,3356.1393202880645,15.612987565107208,0.0,,0.0,0.0,0.0,0.0,0.0,0.0,0.0,0.0,,,,,,,,,,,,,,,,,,,
2025-07-10 21:00:00+03:00,21:00,3399.55,85.13,72.51,21:00,3424.22,2025-07-10T21:00:00+03:00,3400.0,15.67,2591,3243.206316562858,3106.4170475235287,3306.181372766463,15.217923198973564,0.0,,0.0,0.0,0.0,0.0,0.0,0.0,0.0,0.0,,,,,,,,,,,,,,,,,,,
2025-07-10 22:00:00+03:00,22:00,3331.01,83.41,71.05,22:00,3400.71,2025-07-10T22:00:00+03:00,3370.0,14.18,2591,3381.068261214866,3400.0,3400.0,14.194898166610084,0.0,,0.0,0.0,0.0,0.0,0.0,0.0,0.0,0.0,,,,,,,,,,,,,,,,,,,
2025-07-10 23:00:00+03:00,23:00,2793.0,69.94,59.57,23:00,3167.87,2025-07-10T23:00:00+03:00,3400.0,13.19,2591,2707.508322259872,2968.11594314302,3337.55709896532,12.888178866436098,0.0,,0.0,0.0,0.0,0.0,0.0,0.0,0.0,0.0,,,,,,,,,,,,,,,,,,,
2025-07-11 00:00:00+03:00,00:00,3372.34,84.39,72.07,00:00,3365.95,2025-07-11T00:00:00+03:00,3372.34,11.03,2591,3291.058575779972,3189.3715300257973,3323.5711454679836,10.777498151417893,0.0,,0.0,0.0,0.0,0.0,0.0,0.0,0.0,0.0,,,,,,,,,,,,,,,,,,,
2025-07-11 01:00:00+03:00,01:00,3200.0,80.08,68.39,01:00,3284.34,2025-07-11T01:00:00+03:00,3300.0,8.44,2591,3234.521392730585,3338.20181744292,3321.3601117520493,8.403633562199408,0.0,,0.0,0.0,0.0,0.0,0.0,0.0,0.0,0.0,,,,,,,,,,,,,,,,,,,
2025-07-11 02:00:00+03:00,02:00,2997.02,75.0,64.05,02:00,3256.85,2025-07-11T02:00:00+03:00,3118.88,5.04,2591,3146.1532761843528,3400.0,3211.9982559527502,5.152443202000971,0.0,,0.0,0.0,0.0,0.0,0.0,0.0,0.0,0.0,,,,,,,,,,,,,,,,,,,
2025-07-11 03:00:00+03:00,03:00,2987.0,74.75,63.84,03:00,2851.49,2025-07-11T03:00:00+03:00,2231.0,4.26,2591,2896.9165370655082,2689.44915380204,2190.6298213980212,4.187387205377779,0.0,,0.0,0.0,0.0,0.0,0.0,0.0,0.0,0.0,,,,,,,,,,,,,,,,,,,
2025-07-11 04:00:00+03:00,04:00,2987.0,74.75,63.84,04:00,2830.5,2025-07-11T04:00:00+03:00,2232.0,2.35,2591,2882.9921626664595,2631.268190627972,2185.3688330240784,2.292369762108451,0.0,,0.0,0.0,0.0,0.0,0.0,0.0,0.0,0.0,,,,,,,,,,,,,,,,,,,
2025-07-11 05:00:00+03:00,05:00,3150.0,78.82,67.32,05:00,3228.78,2025-07-11T05:00:00+03:00,3180.88,0.33,2591,3009.385998808389,2927.707875813879,3095.684521121834,0.3184191981307493,0.0,,0.0,0.0,0.0,0.0,0.0,0.0,0.0,0.0,,,,,,,,,,,,,,,,,,,
2025-07-11 06:00:00+03:00,06:00,2800.01,70.07,59.84,06:00,2554.49,2025-07-11T06:00:00+03:00,2800.01,3.31,2591,2633.5491789700122,2232.769646670428,2700.1335073820073,3.1463892979353187,0.0,,0.0,0.0,0.0,0.0,0.0,0.0,0.0,0.0,,,,,,,,,,,,,,,,,,,
2025-07-11 07:00:00+03:00,07:00,1719.99,43.04,36.76,07:00,1948.33,2025-07-11T07:00:00+03:00,2948.19,6.61,2591,1810.4660551453567,2132.8025959230154,3041.239587853065,6.682371530666348,0.0,,0.0,0.0,0.0,0.0,0.0,0.0,0.0,0.0,,,,,,,,,,,,,,,,,,,
2025-07-11 08:00:00+03:00,08:00,3350.01,83.83,71.59,08:00,3359.28,2025-07-11T08:00:00+03:00,3400.0,14.04,2591,3400.0,3400.0,3400.0,14.34124120845285,0.0,,0.0,0.0,0.0,0.0,0.0,0.0,0.0,0.0,,,,,,,,,,,,,,,,,,,
2025-07-11 09:00:00+03:00,09:00,3173.02,79.4,67.81,09:00,3188.9,2025-07-11T09:00:00+03:00,3400.0,21.85,2591,3071.617300986264,2998.3273099625458,3334.8061134225372,21.421980763374304,0.0,,0.0,0.0,0.0,0.0,0.0,0.0,0.0,0.0,,,,,,,,,,,,,,,,,,,
2025-07-11 10:00:00+03:00,10:00,2880.0,72.07,61.55,10:00,3064.38,2025-07-11T10:00:00+03:00,3200.0,28.71,2591,2956.9490635102725,3226.6124878727505,3251.299375673515,29.022514795181568,0.0,,0.0,0.0,0.0,0.0,0.0,0.0,0.0,0.0,,,,,,,,,,,,,,,,,,,
2025-07-11 11:00:00+03:00,11:00,2970.0,74.32,63.47,11:00,2835.11,2025-07-11T11:00:00+03:00,3000.0,39.11,2591,3332.7524283033567,3400.0,3219.849956547489,41.961788826373535,0.0,,0.0,0.0,0.0,0.0,0.0,0.0,0.0,0.0,,,,,,,,,,,,,,,,,,,
2025-07-11 12:00:00+03:00,12:00,1719.99,43.04,36.76,12:00,1645.71,2025-07-11T12:00:00+03:00,1719.99,48.3,2591,1934.82807176214,2079.4441271027713,1848.8928430572842,52.789654800400164,0.0,,0.0,0.0,0.0,0.0,0.0,0.0,0.0,0.0,,,,,,,,,,,,,,,,,,,
2025-07-11 13:00:00+03:00,13:00,1900.0,47.55,40.6,13:00,1976.95,2025-07-11T13:00:00+03:00,2500.0,52.86,2591,1898.05335657383,2015.2501828689894,2498.4631762424974,54.62707751454872,0.0,,0.0,0.0,0.0,0.0,0.0,0.0,0.0,0.0,,,,,,,,,,,,,,,,,,,
2025-07-11 14:00:00+03:00,14:00,3125.01,78.2,66.78,14:00,3095.06,2025-07-11T14:00:00+03:00,3125.01,58.62,2591,3047.427148153439,2984.1617807330917,3078.460288892063,59.434112136480096,0.0,,0.0,0.0,0.0,0.0,0.0,0.0,0.0,0.0,,,,,,,,,,,,,,,,,,,
2025-07-11 15:00:00+03:00,15:00,3125.0,78.2,66.78,15:00,3022.15,2025-07-11T15:00:00+03:00,3250.0,58.78,2591,3276.4053049110717,3334.64378185738,3344.4769102645087,61.70795519886114,0.0,,0.0,0.0,0.0,0.0,0.0,0.0,0.0,0.0,,,,,,,,,,,,,,,,,,,
2025-07-11 16:00:00+03:00,16:00,3000.0,75.07,64.11,16:00,3104.27,2025-07-11T16:00:00+03:00,3400.0,58.49,2591,2981.05903578596,3093.2305955245047,3387.120144334453,59.724735625224824,0.0,,0.0,0.0,0.0,0.0,0.0,0.0,0.0,0.0,,,,,,,,,,,,,,,,,,,
2025-07-11 17:00:00+03:00,17:00,3125.0,78.2,66.78,17:00,3305.63,2025-07-11T17:00:00+03:00,3400.0,47.86,2591,3182.5086830140735,3400.0,3400.0,49.35602000006777,0.0,,0.0,0.0,0.0,0.0,0.0,0.0,0.0,0.0,,,,,,,,,,,,,,,,,,,
2025-07-11 18:00:00+03:00,18:00,2498.01,62.51,53.39,18:00,3073.99,2025-07-11T18:00:00+03:00,3400.0,30.86,2591,2622.3443755195003,3396.1723519859033,3400.0,32.39709144740407,0.0,,0.0,0.0,0.0,0.0,0.0,0.0,0.0,0.0,,,,,,,,,,,,,,,,,,,
2025-07-11 19:00:00+03:00,19:00,3300.01,82.58,70.52,19:00,3387.83,2025-07-11T19:00:00+03:00,3400.0,21.2,2591,3245.6175795887343,3304.6008950445225,3366.3756965466823,21.50802205423776,0.0,,0.0,0.0,0.0,0.0,0.0,0.0,0.0,0.0,,,,,,,,,,,,,,,,,,,
2025-07-11 20:00:00+03:00,20:00,3399.54,85.07,72.65,20:00,3422.12,2025-07-11T20:00:00+03:00,3400.0,19.13,2591,3355.802304269833,3347.103227173534,3373.7538316097057,19.33209276669071,0.0,,0.0,0.0,0.0,0.0,0.0,0.0,0.0,0.0,,,,,,,,,,,,,,,,,,,
2025-07-11 21:00:00+03:00,21:00,3399.55,85.07,72.65,21:00,3415.88,2025-07-11T21:00:00+03:00,3400.0,15.44,2591,2822.364786070696,2260.0299816485567,3053.643030278778,14.077289268657575,0.0,,0.0,0.0,0.0,0.0,0.0,0.0,0.0,0.0,,,,,,,,,,,,,,,,,,,
2025-07-11 22:00:00+03:00,22:00,3388.33,84.79,72.41,22:00,3413.5,2025-07-11T22:00:00+03:00,3400.0,19.88,2591,2869.613680804387,2313.046233562293,3087.6982787511693,17.777663634398365,0.0,,0.0,0.0,0.0,0.0,0.0,0.0,0.0,0.0,,,,,,,,,,,,,,,,,,,
2025-07-11 23:00:00+03:00,23:00,3200.01,80.08,68.39,23:00,3340.83,2025-07-11T23:00:00+03:00,3400.0,23.11,2591,2865.6670191949393,2556.384239931186,3186.857015808599,20.857568323692657,0.0,,0.0,0.0,0.0,0.0,0.0,0.0,0.0,0.0,,,,,,,,,,,,,,,,,,,
2025-07-12 00:00:00+03:00,00:00,3360.0,84.05,71.67,00:00,3149.98,2025-07-12T00:00:00+03:00,3400.0,21.83,2591,2939.737005758403,2276.169277113417,3144.840324924745,19.2043025202359,0.0,,0.0,0.0,0.0,0.0,0.0,0.0,0.0,0.0,,,,,,,,,,,,,,,,,,,
2025-07-12 01:00:00+03:00,01:00,3299.99,82.55,70.39,01:00,3062.67,2025-07-12T01:00:00+03:00,3400.0,21.35,2591,3321.682820663188,3010.389722024151,3400.0,20.212790543511364,0.0,,0.0,0.0,0.0,0.0,0.0,0.0,0.0,0.0,,,,,,,,,,,,,,,,,,,
2025-07-12 02:00:00+03:00,02:00,3150.0,78.79,67.19,02:00,3091.75,2025-07-12T02:00:00+03:00,3400.0,19.42,2591,2937.176840636201,2615.2811985522103,3262.1716682215397,17.707552958808666,0.0,,0.0,0.0,0.0,0.0,0.0,0.0,0.0,0.0,,,,,,,,,,,,,,,,,,,
2025-07-12 03:00:00+03:00,03:00,2787.77,69.73,59.46,03:00,3019.63,2025-07-12T03:00:00+03:00,3400.0,19.54,2591,2613.4229506889674,2584.272482308295,3272.418463289832,17.817471621839168,0.0,,0.0,0.0,0.0,0.0,0.0,0.0,0.0,0.0,,,,,,,,,,,,,,,,,,,
2025-07-12 04:00:00+03:00,04:00,3050.77,76.31,65.07,04:00,3226.86,2025-07-12T04:00:00+03:00,3400.0,4.14,2591,2956.2359348573896,2966.645361626353,3336.78661685708,3.846024194502005,0.0,,0.0,0.0,0.0,0.0,0.0,0.0,0.0,0.0,,,,,,,,,,,,,,,,,,,
2025-07-12 05:00:00+03:00,05:00,3200.0,80.05,68.25,05:00,3057.31,2025-07-12T05:00:00+03:00,3400.0,0.0,2591,3371.1087774101834,3337.6995639269567,3400.0,0.0,0.0,,0.0,0.0,0.0,0.0,0.0,0.0,0.0,0.0,,,,,,,,,,,,,,,,,,,
2025-07-12 06:00:00+03:00,06:00,3399.45,85.03,72.51,06:00,3196.61,2025-07-12T06:00:00+03:00,3400.0,1.84,2591,3264.457120514974,2928.178075901899,3318.991167939092,1.7339660544346323,0.0,,0.0,0.0,0.0,0.0,0.0,0.0,0.0,0.0,,,,,,,,,,,,,,,,,,,
2025-07-12 07:00:00+03:00,07:00,2998.01,74.99,63.95,07:00,2879.91,2025-07-12T07:00:00+03:00,3290.58,8.48,2591,3100.937860792575,3057.6963961132215,3358.3634350452794,8.36053240222476,0.0,,0.0,0.0,0.0,0.0,0.0,0.0,0.0,0.0,,,,,,,,,,,,,,,,,,,
2025-07-12 08:00:00+03:00,08:00,2900.0,72.54,61.86,08:00,3086.82,2025-07-12T08:00:00+03:00,3118.88,15.22,2591,2961.2215791717986,3213.842525578935,3158.3853983822078,15.042413888253726,0.0,,0.0,0.0,0.0,0.0,0.0,0.0,0.0,0.0,,,,,,,,,,,,,,,,,,,
2025-07-12 09:00:00+03:00,09:00,1900.0,47.53,40.53,09:00,2465.01,2025-07-12T09:00:00+03:00,3400.0,23.09,2591,1830.8230920317724,2288.9999300340055,3325.7258461814818,22.18110804925954,0.0,,0.0,0.0,0.0,0.0,0.0,0.0,0.0,0.0,,,,,,,,,,,,,,,,,,,
2025-07-12 10:00:00+03:00,10:00,1399.99,35.02,29.86,10:00,1779.25,2025-07-12T10:00:00+03:00,2948.19,29.59,2591,1401.7537554983426,1778.8908477769867,2950.4185386278436,29.010170453798235,0.0,,0.0,0.0,0.0,0.0,0.0,0.0,0.0,0.0,,,,,,,,,,,,,,,,,,,
2025-07-12 11:00:00+03:00,11:00,1399.99,35.02,29.86,11:00,1643.91,2025-07-12T11:00:00+03:00,2000.0,33.84,2591,1414.9823324593006,1676.4179309410226,2012.8506624698468,33.478441703488684,0.0,,0.0,0.0,0.0,0.0,0.0,0.0,0.0,0.0,,,,,,,,,,,,,,,,,,,
2025-07-12 12:00:00+03:00,12:00,1385.0,34.64,29.54,12:00,1771.54,2025-07-12T12:00:00+03:00,1885.0,37.79,2591,1352.3340650171224,1687.979838921597,1858.3247852233685,36.76633687987015,0.0,,0.0,0.0,0.0,0.0,0.0,0.0,0.0,0.0,,,,,,,,,,,,,,,,,,,
2025-07-12 13:00:00+03:00,13:00,1400.0,35.02,29.86,13:00,2248.79,2025-07-12T13:00:00+03:00,2000.01,36.61,2591,1385.0743153459675,2195.5407867391,1987.2164920436094,35.84371944355235,0.0,,0.0,0.0,0.0,0.0,0.0,0.0,0.0,0.0,,,,,,,,,,,,,,,,,,,
2025-07-12 14:00:00+03:00,14:00,1500.02,37.52,31.99,14:00,2185.71,2025-07-12T14:00:00+03:00,2948.19,31.8,2591,1461.5258839954533,2067.85052165281,2902.795418115714,30.866648374598253,0.0,,0.0,0.0,0.0,0.0,0.0,0.0,0.0,0.0,,,,,,,,,,,,,,,,,,,
2025-07-12 15:00:00+03:00,15:00,1578.56,39.49,33.67,15:00,2354.57,2025-07-12T15:00:00+03:00,2007.56,28.23,2591,1563.213912399064,2298.771286299035,1995.8500143330116,27.62185359669556,0.0,,0.0,0.0,0.0,0.0,0.0,0.0,0.0,0.0,,,,,,,,,,,,,,,,,,,
2025-07-12 16:00:00+03:00,16:00,1940.1,48.53,41.38,16:00,2558.36,2025-07-12T16:00:00+03:00,3400.0,30.94,2591,1993.0134908376751,2688.348572913669,3400.0,30.98804196766594,0.0,,0.0,0.0,0.0,0.0,0.0,0.0,0.0,0.0,,,,,,,,,,,,,,,,,,,
2025-07-12 17:00:00+03:00,17:00,3000.0,75.04,63.99,17:00,3046.16,2025-07-12T17:00:00+03:00,3400.0,23.85,2591,3286.9949833814517,3400.0,3400.0,25.0162730794474,0.0,,0.0,0.0,0.0,0.0,0.0,0.0,0.0,0.0,,,,,,,,,,,,,,,,,,,
2025-07-12 18:00:00+03:00,18:00,2990.0,74.79,63.78,18:00,3136.44,2025-07-12T18:00:00+03:00,3400.0,14.79,2591,2976.5695829874944,3138.875406885602,3390.836772339294,14.855531871903146,0.0,,0.0,0.0,0.0,0.0,0.0,0.0,0.0,0.0,,,,,,,,,,,,,,,,,,,
2025-07-12 19:00:00+03:00,19:00,3348.47,83.76,71.42,19:00,3416.12,2025-07-12T19:00:00+03:00,3400.0,12.12,2591,3400.0,3400.0,3400.0,12.941217273385142,0.0,,0.0,0.0,0.0,0.0,0.0,0.0,0.0,0.0,,,,,,,,,,,,,,,,,,,
2025-07-12 20:00:00+03:00,20:00,3399.45,85.03,72.51,20:00,3424.64,2025-07-12T20:00:00+03:00,3400.0,12.75,2591,3279.6859184355917,3232.0603539143076,3328.129925019814,12.73764508007468,0.0,,0.0,0.0,0.0,0.0,0.0,0.0,0.0,0.0,,,,,,,,,,,,,,,,,,,
2025-07-12 21:00:00+03:00,21:00,3399.45,85.03,72.51,21:00,3412.82,2025-07-12T21:00:00+03:00,3400.0,6.0,2591,3301.792258995419,3236.273751563319,3341.395875318259,5.967736714923467,0.0,,0.0,0.0,0.0,0.0,0.0,0.0,0.0,0.0,,,,,,,,,,,,,,,,,,,
2025-07-12 22:00:00+03:00,22:00,3143.8,78.64,67.06,22:00,3318.39,2025-07-12T22:00:00+03:00,3400.0,5.28,2591,3182.0894501654116,3400.0,3400.0,5.349056508269911,0.0,,0.0,0.0,0.0,0.0,0.0,0.0,0.0,0.0,,,,,,,,,,,,,,,,,,,
2025-07-12 23:00:00+03:00,23:00,2913.63,72.88,62.15,23:00,2896.93,2025-07-12T23:00:00+03:00,3360.0,5.52,2591,2975.85699386172,3025.796303373608,3400.0,5.627898377691318,0.0,,0.0,0.0,0.0,0.0,0.0,0.0,0.0,0.0,,,,,,,,,,,,,,,,,,,
2025-07-13 00:00:00+03:00,00:00,3300.0,82.48,70.58,00:00,3161.6,2025-07-13T00:00:00+03:00,3360.0,7.17,2591,3239.5418455764634,3056.1432007926614,3323.065563843076,7.155185351916979,0.0,,0.0,0.0,0.0,0.0,0.0,0.0,0.0,0.0,,,,,,,,,,,,,,,,,,,
2025-07-13 01:00:00+03:00,01:00,3299.99,82.48,70.58,01:00,3133.81,2025-07-13T01:00:00+03:00,3400.0,5.21,2591,3229.37515002197,3000.644038938264,3356.3470513682823,5.168320329223738,0.0,,0.0,0.0,0.0,0.0,0.0,0.0,0.0,0.0,,,,,,,,,,,,,,,,,,,
2025-07-13 02:00:00+03:00,02:00,3198.1,79.94,68.4,02:00,3129.24,2025-07-13T02:00:00+03:00,3400.0,0.98,2591,3078.2059517142334,2888.5365272112313,3323.5221354857686,0.9588418251589139,0.0,,0.0,0.0,0.0,0.0,0.0,0.0,0.0,0.0,,,,,,,,,,,,,,,,,,,
2025-07-13 03:00:00+03:00,03:00,3050.0,76.24,65.23,03:00,2991.88,2025-07-13T03:00:00+03:00,3370.0,0.0,2591,2891.5167313988295,2665.95967160337,3264.9333871765357,0.0,0.0,,0.0,0.0,0.0,0.0,0.0,0.0,0.0,0.0,,,,,,,,,,,,,,,,,,,
2025-07-13 04:00:00+03:00,04:00,2919.99,72.99,62.45,04:00,3174.1,2025-07-13T04:00:00+03:00,3390.0,0.74,2591,2952.99484671168,3219.0214046795927,3400.0,0.7361967738160574,0.0,,0.0,0.0,0.0,0.0,0.0,0.0,0.0,0.0,,,,,,,,,,,,,,,,,,,
2025-07-13 05:00:00+03:00,05:00,2603.64,65.08,55.68,05:00,2890.92,2025-07-13T05:00:00+03:00,3370.0,2.81,2591,2667.774462606972,3020.724228335484,3400.0,2.827820722033952,0.0,,0.0,0.0,0.0,0.0,0.0,0.0,0.0,0.0,,,,,,,,,,,,,,,,,,,
2025-07-13 06:00:00+03:00,06:00,3180.01,79.49,68.01,06:00,3156.76,2025-07-13T06:00:00+03:00,3210.89,10.47,2591,3116.8362057654676,3030.1564742068085,3172.617647868456,10.308796781445766,0.0,,0.0,0.0,0.0,0.0,0.0,0.0,0.0,0.0,,,,,,,,,,,,,,,,,,,
2025-07-13 07:00:00+03:00,07:00,2200.0,54.99,47.05,07:00,2009.04,2025-07-13T07:00:00+03:00,650.0,13.89,2591,2272.7329843606876,2137.400367212563,662.8935745003037,14.083082389405302,0.0,,0.0,0.0,0.0,0.0,0.0,0.0,0.0,0.0,,,,,,,,,,,,,,,,,,,
2025-07-13 08:00:00+03:00,08:00,1015.1,25.37,21.71,08:00,853.49,2025-07-13T08:00:00+03:00,1.1,19.43,2591,1050.8327832978744,915.1626398987061,1.123232821373852,19.838703882959674,0.0,,0.0,0.0,0.0,0.0,0.0,0.0,0.0,0.0,,,,,,,,,,,,,,,,,,,
2025-07-13 09:00:00+03:00,09:00,1343.1,33.57,28.72,09:00,789.76,2025-07-13T09:00:00+03:00,1.0,28.38,2591,1426.0550304881035,891.0505068347926,1.0370583115872698,29.579490456391024,0.0,,0.0,0.0,0.0,0.0,0.0,0.0,0.0,0.0,,,,,,,,,,,,,,,,,,,
2025-07-13 10:00:00+03:00,10:00,532.39,13.31,11.39,10:00,415.91,2025-07-13T10:00:00+03:00,1.0,38.5,2591,568.8798794635321,476.76948680489033,1.0411238522100703,40.61035468752383,0.0,,0.0,0.0,0.0,0.0,0.0,0.0,0.0,0.0,,,,,,,,,,,,,,,,,,,
2025-07-13 11:00:00+03:00,11:00,251.01,6.27,5.37,11:00,172.13,2025-07-13T11:00:00+03:00,0.0,49.06,2591,250.92819625867224,174.23240003475306,0.0,50.125700748754284,0.0,,0.0,0.0,0.0,0.0,0.0,0.0,0.0,0.0,,,,,,,,,,,,,,,,,,,
2025-07-13 12:00:00+03:00,12:00,300.0,7.5,6.42,12:00,165.63,2025-07-13T12:00:00+03:00,0.0,53.13,2591,291.53862269655946,157.66667720035426,0.0,53.2181217055033,0.0,,0.0,0.0,0.0,0.0,0.0,0.0,0.0,0.0,,,,,,,,,,,,,,,,,,,
2025-07-13 13:00:00+03:00,13:00,1000.0,25.0,21.39,13:00,570.78,2025-07-13T13:00:00+03:00,671.0,44.73,2591,1020.4419256492821,595.5963832537691,679.2299192664009,45.7958542957559,0.0,,0.0,0.0,0.0,0.0,0.0,0.0,0.0,0.0,,,,,,,,,,,,,,,,,,,
2025-07-13 14:00:00+03:00,14:00,501.01,12.52,10.72,14:00,184.28,2025-07-13T14:00:00+03:00,1.1,42.12,2591,522.445045835969,200.73578723280698,1.1282372213164202,43.744376219216,0.0,,0.0,0.0,0.0,0.0,0.0,0.0,0.0,0.0,,,,,,,,,,,,,,,,,,,
2025-07-13 15:00:00+03:00,15:00,500.0,12.5,10.69,15:00,367.36,2025-07-13T15:00:00+03:00,1.4,36.97,2591,512.312560749269,387.9150302108282,1.420685102058772,38.15871762667267,0.0,,0.0,0.0,0.0,0.0,0.0,0.0,0.0,0.0,,,,,,,,,,,,,,,,,,,
2025-07-13 16:00:00+03:00,16:00,1599.99,39.99,34.22,16:00,1483.78,2025-07-13T16:00:00+03:00,1599.99,29.0,2591,1633.0161008888786,1555.153422395782,1619.805660533327,29.894660419840047,0.0,,0.0,0.0,0.0,0.0,0.0,0.0,0.0,0.0,,,,,,,,,,,,,,,,,,,
2025-07-13 17:00:00+03:00,17:00,2770.16,69.24,59.25,17:00,2375.65,2025-07-13T17:00:00+03:00,650.0,21.06,2591,2981.434867675603,2753.456909319115,679.7445629109818,22.419480963074875,0.0,,0.0,0.0,0.0,0.0,0.0,0.0,0.0,0.0,,,,,,,,,,,,,,,,,,,
2025-07-13 18:00:00+03:00,18:00,3339.98,83.48,71.43,18:00,3138.17,2025-07-13T18:00:00+03:00,3372.56,13.48,2591,3394.0285469149144,3276.9221645609355,3400.0,13.980413966010627,0.0,,0.0,0.0,0.0,0.0,0.0,0.0,0.0,0.0,,,,,,,,,,,,,,,,,,,
2025-07-13 19:00:00+03:00,19:00,3399.46,84.97,72.7,19:00,3379.04,2025-07-13T19:00:00+03:00,3400.0,5.44,2591,3400.0,3400.0,3400.0,5.700941647119795,0.0,,0.0,0.0,0.0,0.0,0.0,0.0,0.0,0.0,,,,,,,,,,,,,,,,,,,
2025-07-13 20:00:00+03:00,20:00,3400.0,84.98,72.72,20:00,3399.07,2025-07-13T20:00:00+03:00,3400.0,0.86,2591,3400.0,3400.0,3400.0,0.889847463398928,0.0,,0.0,0.0,0.0,0.0,0.0,0.0,0.0,0.0,,,,,,,,,,,,,,,,,,,
2025-07-13 21:00:00+03:00,21:00,3399.99,84.98,72.72,21:00,3389.94,2025-07-13T21:00:00+03:00,3400.0,2.07,2591,3387.7272193025856,3391.114916090374,3392.642309941287,2.117547825012629,0.0,,0.0,0.0,0.0,0.0,0.0,0.0,0.0,0.0,,,,,,,,,,,,,,,,,,,
2025-07-13 22:00:00+03:00,22:00,3399.45,84.97,72.7,22:00,3389.8,2025-07-13T22:00:00+03:00,3400.0,3.87,2591,3400.0,3400.0,3400.0,4.073127688350999,0.0,,0.0,0.0,0.0,0.0,0.0,0.0,0.0,0.0,,,,,,,,,,,,,,,,,,,
2025-07-13 23:00:00+03:00,23:00,3299.99,82.48,70.58,23:00,3318.18,2025-07-13T23:00:00+03:00,3400.0,6.14,2591,3400.0,3400.0,3400.0,6.565975387996221,0.0,,0.0,0.0,0.0,0.0,0.0,0.0,0.0,0.0,,,,,,,,,,,,,,,,,,,
2025-07-14 00:00:00+03:00,00:00,3130.0,78.24,66.94,00:00,2852.26,2025-07-14T00:00:00+03:00,3399.0,20.72,2591,3394.2875159985174,3370.006600010924,3400.0,22.447547057716733,0.0,,0.0,0.0,0.0,0.0,0.0,0.0,0.0,0.0,,,,,,,,,,,,,,,,,,,
2025-07-14 01:00:00+03:00,01:00,2900.01,72.49,62.02,01:00,2769.66,2025-07-14T01:00:00+03:00,3348.0,17.52,2591,3236.2258029596937,3400.0,3400.0,19.44779242086259,0.0,,0.0,0.0,0.0,0.0,0.0,0.0,0.0,0.0,,,,,,,,,,,,,,,,,,,
2025-07-14 02:00:00+03:00,02:00,2842.52,71.05,60.79,02:00,2831.9,2025-07-14T02:00:00+03:00,3118.88,13.08,2591,3043.2355744902316,3295.338603269533,3251.0179179670345,14.311597851243814,0.0,,0.0,0.0,0.0,0.0,0.0,0.0,0.0,0.0,,,,,,,,,,,,,,,,,,,
2025-07-14 03:00:00+03:00,03:00,2898.01,72.44,61.98,03:00,2807.17,2025-07-14T03:00:00+03:00,3118.88,20.72,2591,3119.60562189484,3297.2103028405177,3261.970635273594,22.802227758708174,0.0,,0.0,0.0,0.0,0.0,0.0,0.0,0.0,0.0,,,,,,,,,,,,,,,,,,,
2025-07-14 04:00:00+03:00,04:00,3060.59,76.5,65.46,04:00,3002.82,2025-07-14T04:00:00+03:00,3118.88,17.76,2591,3153.5263903372056,3250.378844355849,3175.7038377100303,19.111741524860108,0.0,,0.0,0.0,0.0,0.0,0.0,0.0,0.0,0.0,,,,,,,,,,,,,,,,,,,
2025-07-14 05:00:00+03:00,05:00,2919.99,72.99,62.45,05:00,2973.15,2025-07-14T05:00:00+03:00,3398.0,22.26,2591,3020.5183247705936,3228.8528304317024,3400.0,23.91658535054528,0.0,,0.0,0.0,0.0,0.0,0.0,0.0,0.0,0.0,,,,,,,,,,,,,,,,,,,
2025-07-14 06:00:00+03:00,06:00,2274.99,56.86,48.66,06:00,2362.76,2025-07-14T06:00:00+03:00,2955.12,31.4,2591,2307.1797960882122,2464.0947664043565,2980.2079459381002,33.26367042724446,0.0,,0.0,0.0,0.0,0.0,0.0,0.0,0.0,0.0,,,,,,,,,,,,,,,,,,,
2025-07-14 07:00:00+03:00,07:00,1399.99,34.99,29.94,07:00,1076.08,2025-07-14T07:00:00+03:00,1000.0,29.12,2591,1418.6650995700252,1116.5158509948706,1008.0036712705198,30.673830274226393,0.0,,0.0,0.0,0.0,0.0,0.0,0.0,0.0,0.0,,,,,,,,,,,,,,,,,,,
2025-07-14 08:00:00+03:00,08:00,3319.99,82.98,71.0,08:00,3371.72,2025-07-14T08:00:00+03:00,3098.0,31.55,2591,3400.0,3400.0,3168.191118101749,33.54428602083519,0.0,,0.0,0.0,0.0,0.0,0.0,0.0,0.0,0.0,,,,,,,,,,,,,,,,,,,
2025-07-14 09:00:00+03:00,09:00,3299.99,82.48,70.58,09:00,3311.21,2025-07-14T09:00:00+03:00,3330.87,50.69,2591,3239.751584441567,3220.9444883314613,3294.3887383177916,52.1692438398663,0.0,,0.0,0.0,0.0,0.0,0.0,0.0,0.0,0.0,,,,,,,,,,,,,,,,,,,
2025-07-14 10:00:00+03:00,10:00,2956.02,73.89,63.22,10:00,3064.31,2025-07-14T10:00:00+03:00,2985.21,58.81,2591,3232.9012043236785,3400.0,3152.9792045302306,61.8,0.0,,0.0,0.0,0.0,0.0,0.0,0.0,0.0,0.0,,,,,,,,,,,,,,,,,,,
2025-07-14 11:00:00+03:00,11:00,2599.0,64.96,55.58,11:00,2677.91,2025-07-14T11:00:00+03:00,3118.88,58.75,2591,2614.3321917272037,2741.8741267996647,3129.919461208344,61.35024367540339,0.0,,0.0,0.0,0.0,0.0,0.0,0.0,0.0,0.0,,,,,,,,,,,,,,,,,,,
2025-07-14 12:00:00+03:00,12:00,1379.79,34.49,29.51,12:00,1161.11,2025-07-14T12:00:00+03:00,700.0,58.75,2591,1300.9075834452785,1038.1565021301506,675.9886541046225,58.8201996940545,0.0,,0.0,0.0,0.0,0.0,0.0,0.0,0.0,0.0,,,,,,,,,,,,,,,,,,,
2025-07-14 13:00:00+03:00,13:00,2790.01,69.74,59.67,13:00,2559.49,2025-07-14T13:00:00+03:00,3290.58,58.81,2591,2855.864338535036,2679.736361679406,3337.1817618495884,60.912985693371375,0.0,,0.0,0.0,0.0,0.0,0.0,0.0,0.0,0.0,,,,,,,,,,,,,,,,,,,
2025-07-14 14:00:00+03:00,14:00,3188.88,79.71,68.2,14:00,3038.22,2025-07-14T14:00:00+03:00,3300.0,57.35,2591,3360.267335474389,3371.523841083357,3400.0,60.455216608469804,0.0,,0.0,0.0,0.0,0.0,0.0,0.0,0.0,0.0,,,,,,,,,,,,,,,,,,,
2025-07-14 15:00:00+03:00,15:00,2600.0,64.99,55.61,15:00,2451.53,2025-07-14T15:00:00+03:00,3300.0,55.29,2591,2764.9782555713014,2779.3470176353094,3400.0,58.86985373653309,0.0,,0.0,0.0,0.0,0.0,0.0,0.0,0.0,0.0,,,,,,,,,,,,,,,,,,,
2025-07-14 16:00:00+03:00,16:00,3177.49,79.42,67.96,16:00,2923.45,2025-07-14T16:00:00+03:00,3208.37,40.1,2591,3398.291176448974,3361.2428749862866,3342.1382014074497,43.062796276506035,0.0,,0.0,0.0,0.0,0.0,0.0,0.0,0.0,0.0,,,,,,,,,,,,,,,,,,,
2025-07-14 17:00:00+03:00,17:00,3200.01,79.99,68.44,17:00,3067.36,2025-07-14T17:00:00+03:00,3400.0,31.23,2591,3331.4701538986924,3362.1768818306873,3400.0,33.17984541393097,0.0,,0.0,0.0,0.0,0.0,0.0,0.0,0.0,0.0,,,,,,,,,,,,,,,,,,,
2025-07-14 18:00:00+03:00,18:00,3399.45,84.97,72.7,18:00,3344.16,2025-07-14T18:00:00+03:00,3400.0,37.78,2591,3330.733460774578,3253.0276238788665,3358.7634058392205,38.76802742457875,0.0,,0.0,0.0,0.0,0.0,0.0,0.0,0.0,0.0,,,,,,,,,,,,,,,,,,,
2025-07-14 19:00:00+03:00,19:00,3399.46,84.97,72.7,19:00,3350.49,2025-07-14T19:00:00+03:00,3400.0,31.54,2591,3371.114683350509,3316.540071873263,3382.9901084392927,32.31283869290816,0.0,,0.0,0.0,0.0,0.0,0.0,0.0,0.0,0.0,,,,,,,,,,,,,,,,,,,
2025-07-14 20:00:00+03:00,20:00,3399.46,84.97,72.7,20:00,3353.3,2025-07-14T20:00:00+03:00,3400.0,31.26,2591,3267.353602419457,3104.141402391788,3320.72357048934,31.27603881572208,0.0,,0.0,0.0,0.0,0.0,0.0,0.0,0.0,0.0,,,,,,,,,,,,,,,,,,,
2025-07-14 21:00:00+03:00,21:00,3399.45,84.97,72.7,21:00,3349.35,2025-07-14T21:00:00+03:00,3400.0,21.27,2591,3400.0,3400.0,3400.0,21.901500094115473,0.0,,0.0,0.0,0.0,0.0,0.0,0.0,0.0,0.0,,,,,,,,,,,,,,,,,,,
2025-07-14 22:00:00+03:00,22:00,3099.01,77.46,66.28,22:00,2914.95,2025-07-14T22:00:00+03:00,3099.01,20.8,2591,3123.5255391561755,2965.332681404752,3113.719323493705,21.233150235501743,0.0,,0.0,0.0,0.0,0.0,0.0,0.0,0.0,0.0,,,,,,,,,,,,,,,,,,,
2025-07-14 23:00:00+03:00,23:00,2850.0,71.24,60.95,23:00,2638.16,2025-07-14T23:00:00+03:00,2850.0,27.41,2591,2745.8940572282777,2450.0197071938946,2787.5364343369665,27.21637398016585,0.0,,0.0,0.0,0.0,0.0,0.0,0.0,0.0,0.0,,,,,,,,,,,,,,,,,,,
2025-07-15 00:00:00+03:00,00:00,3230.0,80.73,69.08,00:00,3275.08,2025-07-15T00:00:00+03:00,3280.0,16.58,2591,3107.30414548827,3018.0081218237724,3205.242897312977,16.32058881525043,0.0,,0.0,0.0,0.0,0.0,0.0,0.0,0.0,0.0,,,,,,,,,,,,,,,,,,,
2025-07-15 01:00:00+03:00,01:00,3155.0,78.86,67.48,01:00,3086.03,2025-07-15T01:00:00+03:00,3344.0,17.16,2591,3148.2318091749194,3056.010619252824,3339.6958167760886,17.14436411261542,0.0,,0.0,0.0,0.0,0.0,0.0,0.0,0.0,0.0,,,,,,,,,,,,,,,,,,,
2025-07-15 02:00:00+03:00,02:00,2910.11,72.74,62.24,02:00,2842.28,2025-07-15T02:00:00+03:00,3150.0,22.35,2591,2824.339269354189,2664.082302329388,3094.29534247139,21.954712502578705,0.0,,0.0,0.0,0.0,0.0,0.0,0.0,0.0,0.0,,,,,,,,,,,,,,,,,,,
2025-07-15 03:00:00+03:00,03:00,2919.99,72.99,62.45,03:00,2887.9,2025-07-15T03:00:00+03:00,2919.99,18.79,2591,2748.309076869573,2532.763363700257,2816.981446121744,18.04403855697606,0.0,,0.0,0.0,0.0,0.0,0.0,0.0,0.0,0.0,,,,,,,,,,,,,,,,,,,
2025-07-15 04:00:00+03:00,04:00,2783.64,69.58,59.53,04:00,2765.16,2025-07-15T04:00:00+03:00,3290.58,23.44,2591,2719.358341653776,2611.5155886715406,3244.9870484715875,22.820379698062627,0.0,,0.0,0.0,0.0,0.0,0.0,0.0,0.0,0.0,,,,,,,,,,,,,,,,,,,
2025-07-15 05:00:00+03:00,05:00,2932.01,73.29,62.71,05:00,2671.81,2025-07-15T05:00:00+03:00,3400.0,35.67,2591,2927.2974718212504,2640.7630539659767,3396.721171658811,35.130663567991306,0.0,,0.0,0.0,0.0,0.0,0.0,0.0,0.0,0.0,,,,,,,,,,,,,,,,,,,
2025-07-15 06:00:00+03:00,06:00,2843.0,71.06,60.8,06:00,2767.19,2025-07-15T06:00:00+03:00,3118.88,50.16,2591,2768.1963485109936,2606.008259469295,3069.6425158165252,48.75248837970088,0.0,,0.0,0.0,0.0,0.0,0.0,0.0,0.0,0.0,,,,,,,,,,,,,,,,,,,
2025-07-15 07:00:00+03:00,07:00,1399.99,34.99,29.94,07:00,1697.52,2025-07-15T07:00:00+03:00,3118.88,46.27,2591,1344.916035156874,1553.2907764119866,3045.264150971109,44.51254869227436,0.0,,0.0,0.0,0.0,0.0,0.0,0.0,0.0,0.0,,,,,,,,,,,,,,,,,,,
2025-07-15 08:00:00+03:00,08:00,1599.98,39.99,34.22,08:00,1600.08,2025-07-15T08:00:00+03:00,650.0,48.5,2591,1580.7789607887848,1548.8421732705654,645.3196881883687,47.27180317623185,0.0,,0.0,0.0,0.0,0.0,0.0,0.0,0.0,0.0,,,,,,,,,,,,,,,,,,,
2025-07-15 09:00:00+03:00,09:00,1599.98,39.99,34.22,09:00,1727.49,2025-07-15T09:00:00+03:00,1000.0,55.95,2591,1472.6140772378265,1441.3783373908761,952.237181928959,52.31506114524306,0.0,,0.0,0.0,0.0,0.0,0.0,0.0,0.0,0.0,,,,,,,,,,,,,,,,,,,
2025-07-15 10:00:00+03:00,10:00,1401.0,35.02,29.96,10:00,1438.8,2025-07-15T10:00:00+03:00,2063.3,58.43,2591,1235.4914544873939,1081.4003940283824,1917.0499863142784,52.736206960960025,0.0,,0.0,0.0,0.0,0.0,0.0,0.0,0.0,0.0,,,,,,,,,,,,,,,,,,,
2025-07-15 11:00:00+03:00,11:00,1600.0,39.99,34.22,11:00,1790.83,2025-07-15T11:00:00+03:00,2000.01,58.8,2591,1429.1138957815313,1373.02007771547,1871.8447810132575,52.66229341833473,0.0,,0.0,0.0,0.0,0.0,0.0,0.0,0.0,0.0,,,,,,,,,,,,,,,,,,,
2025-07-15 12:00:00+03:00,12:00,999.99,25.0,21.39,12:00,1087.91,2025-07-15T12:00:00+03:00,2000.0,58.81,2591,925.2361008789485,899.7090932959157,1910.2944239989781,53.21547734231686,0.0,,0.0,0.0,0.0,0.0,0.0,0.0,0.0,0.0,,,,,,,,,,,,,,,,,,,
2025-07-15 13:00:00+03:00,13:00,1599.97,39.99,34.22,13:00,1918.93,2025-07-15T13:00:00+03:00,3200.0,58.79,2591,1553.0790236693147,1762.8159325525328,3143.7297733364276,54.58462060341607,0.0,,0.0,0.0,0.0,0.0,0.0,0.0,0.0,0.0,,,,,,,,,,,,,,,,,,,
2025-07-15 14:00:00+03:00,14:00,1900.0,47.49,40.64,14:00,2181.96,2025-07-15T14:00:00+03:00,3400.0,58.75,2591,2006.7483935287112,2388.493500607165,3400.0,57.778174940862954,0.0,,0.0,0.0,0.0,0.0,0.0,0.0,0.0,0.0,,,,,,,,,,,,,,,,,,,
2025-07-15 15:00:00+03:00,15:00,2340.0,58.49,50.05,15:00,2589.38,2025-07-15T15:00:00+03:00,3400.0,52.95,2591,2519.2276203958522,2970.774273294375,3400.0,53.56789160764176,0.0,,0.0,0.0,0.0,0.0,0.0,0.0,0.0,0.0,,,,,,,,,,,,,,,,,,,
2025-07-15 16:00:00+03:00,16:00,2999.99,74.99,64.16,16:00,3139.5,2025-07-15T16:00:00+03:00,3400.0,40.74,2591,3113.866241221251,3389.8618602489746,3400.0,40.9486207392741,0.0,,0.0,0.0,0.0,0.0,0.0,0.0,0.0,0.0,,,,,,,,,,,,,,,,,,,
2025-07-15 17:00:00+03:00,17:00,2919.99,72.99,62.45,17:00,3042.02,2025-07-15T17:00:00+03:00,3400.0,28.4,2591,2983.717361954102,3193.9175888972068,3400.0,28.50741391610198,0.0,,0.0,0.0,0.0,0.0,0.0,0.0,0.0,0.0,,,,,,,,,,,,,,,,,,,
2025-07-15 18:00:00+03:00,18:00,2700.0,67.49,57.74,18:00,2937.93,2025-07-15T18:00:00+03:00,3400.0,32.49,2591,2600.0142480762142,2738.748922286885,3324.455209657584,31.617285206246343,0.0,,0.0,0.0,0.0,0.0,0.0,0.0,0.0,0.0,,,,,,,,,,,,,,,,,,,
2025-07-15 19:00:00+03:00,19:00,3360.0,83.98,71.86,19:00,3406.5,2025-07-15T19:00:00+03:00,3400.0,41.75,2591,3282.233765050185,3250.077016237398,3352.7847859233266,40.77358157253632,0.0,,0.0,0.0,0.0,0.0,0.0,0.0,0.0,0.0,,,,,,,,,,,,,,,,,,,
2025-07-15 20:00:00+03:00,20:00,3399.45,84.97,72.7,20:00,3402.69,2025-07-15T20:00:00+03:00,3400.0,40.8,2591,3303.1783931746913,3202.907192485854,3342.227690384142,39.63561138130449,0.0,,0.0,0.0,0.0,0.0,0.0,0.0,0.0,0.0,,,,,,,,,,,,,,,,,,,
2025-07-15 21:00:00+03:00,21:00,3399.45,84.97,72.7,21:00,3379.2,2025-07-15T21:00:00+03:00,3400.0,50.99,2591,3396.540316401881,3359.2906934701205,3398.2539073849703,50.246742255347435,0.0,,0.0,0.0,0.0,0.0,0.0,0.0,0.0,0.0,,,,,,,,,,,,,,,,,,,
2025-07-15 22:00:00+03:00,22:00,3223.0,80.56,68.93,22:00,3201.27,2025-07-15T22:00:00+03:00,3360.0,55.33,2591,3088.0365403588253,2924.1913946355653,3275.5797906805437,53.27133741994944,0.0,,0.0,0.0,0.0,0.0,0.0,0.0,0.0,0.0,,,,,,,,,,,,,,,,,,,
2025-07-15 23:00:00+03:00,23:00,3064.0,76.59,65.53,23:00,3012.82,2025-07-15T23:00:00+03:00,2254.0,56.92,2591,3066.5806951023383,2999.7907212834775,2255.139077041907,56.00668767200512,0.0,,0.0,0.0,0.0,0.0,0.0,0.0,0.0,0.0,,,,,,,,,,,,,,,,,,,
